kind,doc_id,doc_title_english,doc_title_geez,doc_title_amharic,doc_title_transliteration,section_id,section_title_english,section_title_geez,section_title_amharic,section_title_transliteration,block_id,block_type,speaker,geez,amharic,english,transliteration,dynamic,overrideId,optional
doc,serate-qidase,Serate Qidase,ሥርዓተ ቅዳሴ,ሥርዓተ ቅዳሴ,\N,,,,,,,,,,,,,,,
section,,,,,,section-mlyzjz9w58u,Introduction to Qidase,,የቅዳሴ ምገቢያ,,,,,,,,,,,
block,,,,,,,,,,,serate-qidase-moeszqmyi5u,placeholder,priest,,,,,\N,intro-day-of-week-overrides,\N
section,,,,,,section-mlyzswhaxfo,Hallelujah,,ሃሌ ሉያ,,,,,,,,,,,
block,,,,,,,,,,,serate-preparatory-service-010,response,congregation,ሃሌ ሉያ! እመቦ ብእሲ እምእመናን ዘቦአ ቤተ ክርስቲያን፤ በጊዜ ቅዳሴ ወኢሰምዐ መጻሕፍተ ቅዱሳተ ወኢተዐገሠ እስከ ይፌጽሙ ጸሎተ ቅዳሴ ወኢተመጠወ እምቍርባን ይሰደድ እምቤተ ክርስቲያን እስመ አማሰነ ሕገ እግዚአብሔር፤ ወአስተሐቀረ ቁመተ ቅድመ ንጉሥ ሰማያዊ፤ ንጉሠ ሥጋ ወመንፈስ፤ ከመዝ መሐሩነ ሐዋርያት በአብጥሊሶሙ።,ሃሌ ሉያ! በቅዳሴ ጊዜ ከምዕመናን ወገን ወደ ቤተ ክርስቲያን የገባ ሰው ቢኖር፣ ቅዱሳት መጻሕፍትን ሳይሰማ፣ የቅዳሴው ጸሎት እስኪፈጸም ባይታገሥ፣ ከቁርባኑም ባይቀበል፣ ከቤተ ክርስቲያን ይለይ፣ የእግዚአብሔርን ሕግ አፍርሷልና። የሥጋና የነፍስ ፈጣሪ በሚሆን በሰማያዊ ንጉሥ ፊት መቆምንም አቃሏልና። ሐዋርያት በሲኖዶሳቸው እንዲህ ብለው አስተምረውናል።,"Hallelujah! If there be anyone of the faithful that has entered the church at the time of mass and and has not heard the holy Scriptures, and hath not waited until they finish the prayer of the Mass, and hath not received the holy communion, let him be driven out of the church: for he hath violated the law of God and disdained to Stand Before the heavenly King, the King of Body and Spirit. This the Apostles have taught us in their canons.",Halléluya! imebo bi'isee im'imenan zebo'a béte kiristeeyan Begeezé qidase we’i’sem’a metsa’hifte qidusate we'eete'agese iske yifetsimu tselote qidasé We'eetemetewe imqwurban yiseded imbéte kiristeeyan isme amasene hige Igzee'abihér we'astehaqere qemete Qidme nigus semayawee nigus siga wemenfes kemez meharune,\N,\N,\N
section,,,,,,section-mlyzpsvihec,You are the Pot of pure gold,,,,,,,,,,,,,
block,,,,,,,,,,,serate-preparatory-service-014,response,congregation,አንቲ ውእቱ መሶበ ወርቅ ንጹሕ እንተ ውስቴታ መና ኅቡዕ ኅብስት ዘወረደ እምሰማያት ወሀቤ ሕይወት ለኵሉ ዓለም።,ለዓለም ሁሉ ሕይወት የሚሰጥ ከሰማይ የወረደ ኅብስት የተሠወረ መና ያለብሽ፣ ንጹሕ የወርቅ መሶብ አንቺ ነሽ።,"Thou art the pot of pure gold wherein is hidden the manna, the bread which came down from heaven giving life unto all the world.",Antee wi'itu mesobewerq nitsuh inte wistéta mena hibu'i hibist zewerede imsemayat wehabé hiywet lekwulu alem. ,\N,\N,\N
section,,,,,,section-mlz0d2zi5bv,Preparation for start,,ዝግጅት ለመጀመር,,,,,,,,,,,
block,,,,,,,,,,,serate-preparatory-service-016,prayer,priest,ቡሩክ እግዚአብሔር አብ አኃዜ ኵሉ ዓለም አምላክነ።,ዓለምን የያዘ እግዚአብሔር አብ ቡሩክ ነው።,"Blessed be the Lord, Almighty Father, our God.",Buruk Igzee'abihér Ab ahazé kwulu alem amlakine.,\N,\N,\N
block,,,,,,,,,,,serate-qidase-moefr5oj5ub,response,congregation,አሜን።,አሜን።,Amen.,Amen.,\N,\N,\N
block,,,,,,,,,,,serate-qidase-moefsu923lz,prayer,priest,ወቡሩክ ወልድ ዋሕድ እግዚእነ ኢየሱስ ክርስቶስ መድኃኒነ።,ጌታችን መድኃኒታችን ኢየሱስ ክርስቶስ ወልድ ዋሕድም ቡሩክ ነው።,"And blessed be the only Son, our Lord and our Savior Jesus Christ.",Weburuk weld wahid igzee'ine Eeyesus Kiristos medhaneene.,\N,\N,\N
block,,,,,,,,,,,serate-qidase-moefsxv9mew,response,congregation,አሜን።,አሜን።,Amen.,Amen.,\N,\N,\N
block,,,,,,,,,,,serate-qidase-moefug1dpxc,prayer,priest,ወቡሩክ መንፈስ ቅዱስ ጰራቅሊጦስ መጽንዒ ወመንጽሔ ኵልነ።,ሁላችንን የሚያነጻ፣ የሚያጸና መንፈስ ቅዱስም ቡሩክ ነው።,"And blessed be the Holy Spirit, the Paraclete, the comforter and cleanser of us all.",Weburuk Menfes Qidus peraqleetos mentsi'ee wementsihé kwuline.,\N,\N,\N
block,,,,,,,,,,,serate-qidase-moefu8b1qy9,response,congregation,አሜን።,አሜን።,Amen.,Amen.,\N,\N,\N
block,,,,,,,,,,,serate-qidase-moefx9gi1gc,prayer,priest,ስብሐት ወክብር ይደሉ ለሥሉስ ቅዱስ አብ ወወልድ ወመንፈስ ቅዱስ ዕሩይ ኵሉ ጊዜ ይእዜኒ ወዘልፈኒ ወለዓለመ ዓለም አሜን።,ልዩ ሦስት ለሚሆኑ ሁልጊዜም ለተካከሉ ለአብ ለወልድ ለመንፈስ ቅዱስ ክብር ምስጋና ይገባል። ዛሬም ዘወትርም ለዘላለሙ አሜን,"Glory and honor are due to the Holy Trinity, the Father and the Son and the Holy Spirit, always coequal, both now and ever and world without end. Amen.",Sibhat wekibir yidelu lesilus qidus Ab weWeld weMenfes Qidus iruy kwulo geezé yi'izénee wezelfenee wele'aleme alem amén.,\N,\N,\N
block,,,,,,,,,,,serate-qidase-moeg257cdg4,prayer,priest,ጸልዩ አበውየ ወአኀውየ ላዕሌየ ወላዕለ ዝንቱ መሥዋዕት።,አባቶቼና ወንድሞቼ በእኔ ላይ በመሥዋዕቱም ላይ ጸልዩ።,"My fathers an my brothers, pray for me and for this sacrifice.",Íeliyu abewiye we'ahawiye la'iléye wela'ilezintu meswa'it.,\N,\N,\N
block,,,,,,,,,,,serate-qidase-moeg5s7vycz,prayer,asst. priest,እግዚአብሔር ይስማዕከ ኵሎ ዘሰአልከ ወይትወከፍ መስዋዕተከ ወቍርባነከ ከመ መሥዋዕተ መልከ ጼዴቅ ወአሮን ወዘካርያስ ካህናተ ቤተክርስቲያኑ ለበኵር።,እግዚአብሔር የለመንከውን ሁሉ ይስማህ። የበኵር የቤተክርስቲያኑ ካህናቱ የሚሆኑ የመልከ ጼዴቅንና የአሮንን የዘካርያስንም መሥዋዕት እንደተቀበለ መሥዋዕትህን ቍርባንህንም ይቀበልልህ።,"May God hear thee in all that thou hast asked and accept thy sacrifice and offering like the sacrifice of Melchisedek and Aaron and
Zacharias, the priests of the church of the First-born;",Igzee'abihér yisma'ike kwulo zese'alike weyitwekef meswa'iteke weqwurbaneke keme meswa'ite Melke Íédék we'Aaron weZekariyas kahinate béte kiristeeyanu lebekwur.,\N,\N,\N
section,,,,,,section-mlz0ktnltxq,Our Father,አቡነ ዘበሰማያት,አባታችን ሆይ,,,,,,,,,,,
block,,,,,,,,,,,serate-preparatory-service-021,response,congregation,አቡነ ዘበሰማያት ይትቀደስ ስምከ ትምጻእ መንግሥትከ ወይኩን ፈቃድከ በከመ በሰማይ ከማሁ በምድር። ሲሳየነ ዘለለ ዕለትነ ሀበነ ዮም።  ኅድግ ለነ አበሳነ ወጌጋየነ ከመ ንሕነኒ ንኅድግ ለዘአበሰ ለነ። ኢታብአነ እግዚኦ ውስተ መንሱት አላ አድኅነነ ወባልሐነ እምኵሉ እኩይ እስመ ዚኣከ ይእቲ መንግሥት ኃይል ወስብሐት ለዓለመ ዓለም። በሰላመ ቅዱስ ገብርኤል መልአክ ኦ እግዝእትየ ማርያም ሰላም ለኪ እመ እግዚአብሔር ጸባዖት ሰላም ለኪ ቡርክት አንቲ እምአንስት ወቡሩክ ፍሬ ከርሥኪ። ተፈሥሒ ፍሥሕት ኦ ምልእተ ጸጋ እግዚአብሔር ምስሌኪ። ሰአሊ ወጸልዪ ኀበ ፍቁር ወልድኪ ኢየሱስ ክርስቶስ ከመ ይሥረይ ለነ ኃጣውኢነ።,አባታችን ሆይ! በሰማይ የምትኖር፣ ስምህ ይቀደስ፣ መንገሥትህ ትምጣ፣ ፈቃድህ በሰማይ እንደ ሆነ እንዲሁም በምድር ይሁን! የዕለት እንጀራችንን ስጠን ዛሬ፣በደላችንን ይቅር በለን፣ እኛም የበደሉንን ይቅር እንደምንል፣  አቤቱ ወደ ፈተና አታግባን፣ ከክፉ ሁሉ አድነን እንጂ፣  መንግሥት ያንተ ናትና። ኃይል፣ ምስጋና ለዘለዓለም በእውነት። እመቤታችን ቅድስት ድንግል ማርያም ሆይ በመልአኩ በቅዱስ ገብረኤል ሰላምታ ሰላም እልሻለሁ ድንግል በኅሊናኪ ወድንግል በሥጋኪ።  በሃሳብሽ ድንግል ነሽ በሥጋሽም ድንግል ነሽ። የአሸናፊ የእግዚአብሔር እናት ሆይ ሰላምታ ላንቺ ይገባል። ከሴቶች ሁሉ ተለይተሽ አንቺ የትባረክሽ ነሽ የማኅፀንሽም ፍሬ የተባረከ ነው። ጸጋን የተመላሽ ሆይ ደስ ይበልሽ እግዚአብሔር ከአንቺ ጋር ነውና ከተወደደው ልጅሽ ከጌታችን ከመድኃኒታችን ከኢየሱስ ክርስቶስ ዘንድ ይቅርታን ለምኝልን ኃጢአታችንን ያስተሠርይልን ዘንድ ለዘለዓለሙ አሜን።,"Our father who art in heaven, hallowed be thy name, Thy kingdom come  Thy will be done on earth as it is in heaven; give us this day our daily bread, and forgive us our trespasses as we forgive them that trespass against us, and lead us not into temptation but deliver us and rescue us from all evil; for Thine is the kingdom, the power and the glory for ever and ever. O Holy Virgin Mary, in the peace of the Angel Gabriel, peace be unto Thee. Thou art virgin in spirit as well as in body. O Thou Mother of Perfect God peace be unto Thee. Blessed art Thou among women and blessed is the Fruit of Thy womb. Rejoice O Thou who art full of grace the Lord is with Thee. Ask and pray for us to Thy beloved Son, Jesus Christ that He may have mercy upon our souls and forgive us our sins. Amen.","Abune zebesemayat yitqedes simike timtsa'i mengistike weyikun feqadike bekeme besemay kemahu medir. Seesayene zelele'iletine habene yom.  Hidig lene abesane wegégayene keme nihinenee nihidig leze'abese lene.
eetabi'ane egzi’o weste mensut ala adihinene webalihane imkwulu iku’y isme zee'ake yi'itee mengist hayl wesibihat le'alem alem. Beselame qidus gebriel mel’ak o egzi’etiye Mariyam selam leki dingil behilinaki wedingil besigaki eme egziabiheir tseba’ot selam leki burikt anti em’a’nist weburuk fire kersike tefesihi fisiht o meli’i’te tsega egziabihear misle’ki seali wetseliye habe fiqur weldike eyesus kristos keme y’sre’y lene hatawi’ine",\N,\N,\N
section,,,,,,section-mlz0maqjytb,One is the Holy Father,አሐዱ,አሐዱ,,,,,,,,,,,
block,,,,,,,,,,,serate-kidase-mlydtmr6uhy,prayer,priest,አሐዱ አብ ቅዱስ፤ አሐዱ ወልድ ቅዱስ፤ አሐዱ ውእቱ መንፈስ ቅዱስ። ,አንዱ ቅዱስ አብ ነው፤ አንዱ ቅዱስ ወልድ ነው፤ አንዱ ቅዱስ መንፈስ ቅዱስ ነው።,"One is the Holy Father, one is the Holy Son, one is the Holy Spirit.","Ahadu Ab Qidus, Ahadu Weld Qidus, Ahadu wi'itu Menfes Qidus.",\N,\N,\N
block,,,,,,,,,,,serate-preparatory-service-033,response,congregation,በአማን አብ ቅዱስ፤ በአማን ወልድ ቅዱስ፤ በአማን ውእቱ መንፈስ ቅዱስ።,አብ በእውነት ቅዱስ ነው፤ ወልድ በእውነት ቅዱስ ነው፡ መንፈስ ቅዱስም በእውነት ቅዱስ ነው።,"Truly the Father is holy, truly the Son is holy, truly the Holy Spirit is holy.","Be'aman Ab qidus, be'Aman Wold qidus, be'aman wi'itu Menfes Qidus.",\N,\N,\N
block,,,,,,,,,,,serate-preparatory-service-034,prayer,priest,ሰብሕዎ ለእግዚአብሔር ኵልክሙ አሕዛብ።,ሕዝቦችም ሁላችሁ እግዚአብሔርን አመስግኑት።,"Praise the Lord, all ye nations.",Sebihiwo le'Igzee'abihér kwulikimu ahizab.,\N,\N,\N
block,,,,,,,,,,,serate-preparatory-service-035,response,congregation,ወይሴብሕዎ ኵሎሙ ሕዝብ።,ሕዝቡ ሁሉ ያመሰግኑታል።,"And praise him, all ye people.",Weyisébihwo kwulomu hizbi. ,\N,\N,\N
block,,,,,,,,,,,serate-preparatory-service-036,prayer,priest,እስመ ጸንዐት ምሕረቱ ላዕሌነ።,ምሕረቱ በእኛ ላይ ጸንታለችና።,For his merciful kindness is great toward us.,Isme tsin'ate mihretu la'iléne.,\N,\N,\N
block,,,,,,,,,,,serate-preparatory-service-037,response,congregation,ጽድቁሰ ለእግዚአብሔር ይሄሉ ለዓለም።,የእግዚአብሔር ቸርነቱ ለዘለዓለም ይኖራል።,And the Truth of the Lord endureth for ever.,Tsedikuse Le’igziabher yihelu le’alem,\N,\N,\N
block,,,,,,,,,,,serate-preparatory-service-038,prayer,priest,ስብሐት ለአብ፣ ወወልድ፣ ወመንፈስ ቅዱስ።,ለአብ፣ ለወልድ፣ ለመንፈስ ቅዱስ ምስጋና ይገባል።,"Glory be to the Father and to the Son and to the Holy Spirit, (Shall repeat his words)","Sibhat le'Ab, weWold, weMenfes Qidus.",\N,\N,\N
block,,,,,,,,,,,serate-kidase-mlz0ogsfsc9,response,congregation,ስብሐት ለአብ፣ ወወልድ፣ ወመንፈስ ቅዱስ።,ለአብ፣ ለወልድ፣ ለመንፈስ ቅዱስ ምስጋና ይገባል። (ካህኑ ያለውን መልሰው ይበሉ።),"Glory be to the Father and to the Son and to the Holy Spirit, (Shall repeat priests words)","Sibhat le'Ab, weWold, weMenfes Qidus. (Shall repeat priests words)",\N,\N,\N
block,,,,,,,,,,,serate-preparatory-service-039,prayer,priest,ይእዜኒ ወዘልፈኒ ወለዓለመ ዓለም አሜን ሃሌ ሉያ።,ዛሬም ዘወትርም ለዘለዓለሙ አሜን ሃሌ ሉያ። ካህኑ ያለውን መልሰው ይበሉ,Both now and ever and world without end. Amen. (Shall repeat priest's words),Yi'izénee wezelfenee wele'alem alem amen halléluya. (Shall repeat priest's words),\N,\N,\N
block,,,,,,,,,,,serate-kidase-mlz0p5jtzg0,response,congregation,ይእዜኒ ወዘልፈኒ ወለዓለመ ዓለም አሜን ሃሌ ሉያ።,ዛሬም ዘወትርም ለዘለዓለሙ አሜን ሃሌ ሉያ። ካህኑ ያለውን መልሰው ይበሉ,Both now and ever and world without end. Amen. (Shall repeat his words),Yi'izénee wezelfenee wele'alem alem amen halléluya.,\N,\N,\N
section,,,,,,section-moeh9bwgzv1,Stand up for prayer,ተንሥኡ ለጸሎት,ለጸሎት ተነሡ።,Tensi'u letselot,,,,,,,,,,
block,,,,,,,,,,,serate-qidase-moeh9bwghig,prayer,deacon,ተንሥኡ ለጸሎት,ለጸሎት ተነሡ። ,Stand up for prayer. ,Tensi'u letselot ,\N,\N,\N
block,,,,,,,,,,,serate-qidase-moeh9bwgib2,response,congregation,እግዚኦ ተሣሃለነ። ,አቤቱ ይቅር በለን።,Lord have mercy upon us.,Igzee'o tesahalene.,\N,\N,\N
block,,,,,,,,,,,serate-qidase-moeh9bwgnxx,prayer,priest,ሰላም ለኵልክሙ።,ሰላም ለሁላችሁም። ,Peace be unto you all. ,Selam lekwulikimu. ,\N,\N,\N
block,,,,,,,,,,,serate-qidase-moeh9bwgfm6,response,congregation,ምስለ መንፈስከ። ,ከመንፈስህ ጋራ።,And with Thy spirit.,Misle menfesike.,\N,\N,\N
section,,,,,,section-mlz0qag95z0,The Prayer of Thanksgiving,,የምስጋና ጸሎት,,,,,,,,,,,
block,,,,,,,,,,,serate-preparatory-service-042,rubric,priest,ካህኑ የቅዱስ ባስልዮስን የምስጋና ጸሎት በዜማ እንዲህ ብሎ ይጀምር።,,"The ""Prayer of Thanksgiving"" of St. Basil. ",,\N,\N,\N
block,,,,,,,,,,,serate-kidase-mlyyjkjoipa,prayer,priest,,ለኛ በጎ ነገርን ያደረገ ይቅር ባይ እግዚአብሔርን እናመሰግነዋለን። ይቅር ባይ የጌታችን የአምላካችንና የመድኃኒታችን የኢየሱስ ከርስቶስ አባት ሰውሮናልና ረድቶናልና ጠብቆ አቅርቦናልና ወደ እርሱም ተቀብሎናልና አጽንቶ ጠብቆናልና። እስከዚች ሰዓት አድርሶናልና። አሁንም ክብርት በምትሆን በዚች ዕለት በሕይወታችን ዘመን ሁሉ በፍጹም ሰላም ሁሉን የሚይዝ አምላካችን እግዚአብሔር ይጠብቀን ዘንድ እንለምነው።,"We give thanks unto the doer of good things unto us, the merciful God, the Father of our Lord and our God and our Savior Jesus Christ: for He hath covered us and succored us, He hath kept us and brought us nigh and received us unto Himself, and undertaken our defense, and strengthened us, and brought us unto this hour. Let us therefore pray unto Him that the Almighty Lord our God keep us in this holy day and all the days of our life in all peace.",,\N,\N,\N
block,,,,,,,,,,,serate-preparatory-service-044,prayer,deacon,ጸልዩ,ጸልዩ,Pray ye.,Tseliyu,\N,\N,\N
block,,,,,,,,,,,serate-preparatory-service-045,prayer,priest,ሁሉን የያዝህ ጌታችን እግዚአብሔር የጌታችንና የአምላካችን የመድኃኒታችን የኢየሱስ ክርስቶስ አባት በሥራው ሁሉ ላይ ስለ ሥራው ሁሉ በሥራውም ሁሉ ውስጥ እናመሰግንሃለን፣ ሰውረኸናልና፣ ረድተኸናልና፣ ጠብቀኸናልና፣ ወዳንተ አቅርበኸናልና፣ ጥግ ሆነኸናልና፣ አጽንተኸናልና፣ እስከዚችም ሰዓት አድርሰኸናልና።,\N,"Master, Lord God Almighty, the Father of our Lord and our God and our Savior Jesus Christ, we render Thee thanks upon everything, for everything and in everything, for Thou hast covered us and succored us, hast kept us and brought us nigh, and received us unto Thyself, and undertaken our defense, and strengthened us and brought us unto this hour.",,\N,\N,\N
block,,,,,,,,,,,serate-preparatory-service-047,prayer,deacon,ኅሡ ወአስተብቍዑ ከመ ይምሐረነ እግዚአብሔር ወይሣሃል ላዕሌነ፡ ወይትወከፍ ጸሎተ ወስእለተ እምነ ቅዱሳኒሁ በእንቲአነ በዘይሤኒ ኵሎ ጊዜ ይረስየነ ድልዋነ ከመ ንንሣእ እምሱታፌ ምስጢር ቡሩክ ወይሥረይ ለነ ኃጣውኢነ።,እግዚአብሔር ይምረን ዘንድ ይቅርም ይለን ዘንድ ደጅ ጥኑ ተማለዱ። ስለእኛ ከቅዱሳን ጸሎትን ልመናንም ይቀበል ዘንድ ሁልጊዜ ባማረ ነገር ቡሩክ ከሚሆን ምስጢር አንድነት እንድንቀበል የበቃን ያደርገን ዘንድ።,"Entreat ye and beseech that the Lord have pity upon us and be merciful to us and receive prayer and supplication from his saints on our behalf according to what is expedient at all times, so that he may make us meet to partake of the communion of the blessed sacrament and forgive us our sins.",Hisu we'astebiqwu'u keme yimharene Igzee'abihér weyisahal la'iléne. Weyitwekef Tselote wesi'ilete imine qidusaneehu be'intee'ane bezeyisénee kwulu geezé yiresiyene dilwane Keme ninisa'i imsutafé misteer buruk weyisirey hataweene.,\N,\N,\N
block,,,,,,,,,,,serate-preparatory-service-050,response,congregation,ኪርያላይሶን።,ኪርያላይሶን።,Lord have mercy,Kyrie eleison.,\N,\N,\N
block,,,,,,,,,,,serate-qidase-moeq2um8zhe,prayer,priest,,"ስለዚህ እንለምንኃለን ከቸርነትህም እንሻለን፤ ሰውን የምትወድ ሆይ ከብር የምትሆን ይህችን ዕለት እንድንፈጽም ስጠን፤ የሕይወታችንን ዘመን ሁሉ በፍጹም ሰላም አንተን ከመፍራት ጋራ።
ቅንዓትን ሁሉ መከራውንም ሁሉ የሰይጣንንም ሥራ ሁሉ፤ የክፎች ሰዎችንም ምክር የጠላትንም መነሳት የተሰወረውንና የተገለጸውን። አቤቱ ከእነ አርቅ። ከሕዝቢህም ሁሉ ያንተ ከሚሆን ከዚህም ቅዱስ ቦታ  በጎውን ነገር ሁሉ ያማረውንና የሚሻለውን እዘዝልን፤ እባቡን ጊንጡንም የጠላትንም ኃይል ሁሉ አንረግጥ ዘንድ ሥልጣንን የሰጠኸን አንተ ነህና። ወደ መከራ አታግባን ከክፉ ነገር ሁሉ አድነን እንጂ።። አንድ ልጅህ ጌታችንና አምላካችን መድኃኒታችንም ኢየሱስ ክርስቶስ ለሰው ፍቅር ብሎ ባደረገው ቸርነትና ይቅርታ። በርሱ ያለ ምስጋና ክብር ጽንዕ ከእርሱ ጋራ ላንተ ይገባል፣ ካንተ ጋራ ትክክልና ማሕየዊ ከሚሆን ከምንፈስ ቅዱስም ጋራ ዛሬም፤ ዘወትርም ለዘላለሙ አሜን።","For this cause we pray and entreat of Thy goodness, O lover of man, grant us to complete this holy day and all the days of our life in all peace along with thy fear. All envy, all trial, all the working of Satan, the counsel of evil, and all the uprisings of adversaries, secret and open. Remove far from me and from all Thy people and from this Thy holy place (benediction over those things which are on the altar). All good things, that are expedient and excellent, command Thou for us, for Thou art He that hath given us power to tread upon serpents and scorpions and upon all the power of the enemy. Lead us not into temptation, but deliver us and rescue us from all evil: in the grace and loving kindness which were shown by the love towards man-kind of Thy only-begotten Son, our lord and our God and our Savior Jesus Christ, through whom to Thee with Him and with the Holy Spirit, the life-giver, who is coequal with Thee are fitting glory and honor and dominion, both now and ever and world without end. Amen.",,\N,\N,\N
section,,,,,,section-moeh94sjt4l,Stand up for prayer,ተንሥኡ ለጸሎት,ለጸሎት ተነሡ።,Tensi'u letselot,,,,,,,,,,
block,,,,,,,,,,,serate-qidase-moeh94sk99q,prayer,deacon,ተንሥኡ ለጸሎት,ለጸሎት ተነሡ። ,Stand up for prayer. ,Tensi'u letselot ,\N,\N,\N
block,,,,,,,,,,,serate-qidase-moeh94skhhb,response,congregation,እግዚኦ ተሣሃለነ። ,አቤቱ ይቅር በለን።,Lord have mercy upon us.,Igzee'o tesahalene.,\N,\N,\N
block,,,,,,,,,,,serate-qidase-moeh94skfxl,prayer,priest,ሰላም ለኵልክሙ።,ሰላም ለሁላችሁም። ,Peace be unto you all. ,Selam lekwulikimu. ,\N,\N,\N
block,,,,,,,,,,,serate-qidase-moeh94sku6o,response,congregation,ምስለ መንፈስከ። ,ከመንፈስህ ጋራ።,And with Thy spirit.,Misle menfesike.,\N,\N,\N
section,,,,,,section-mlz1428d87a,The prayer of Oblation,,,,,,,,,,,,,
block,,,,,,,,,,,serate-preparatory-service-053,rubric,priest,,ንፍቅ ካህኑ የሐዋርያትን የመባ ጸሎት በንባብ ይበል,The Prayer of Oblation of the Apostles. ,,\N,\N,\N
block,,,,,,,,,,,serate-kidase-mlyyya6ul7p,prayer,asst. priest,,ዳግመኛም ሁሉን የሚይዝ የጌታችንና የመድኃኒታችን የኢየሱስ ክርስቶስን አባት እግዚአብሔርን እንማልዳለን። ከሁሉ በላይ በምትሆን በከበረች በአንዲት ቤተ ክርስቲያን መባ ሰለሚያገቡ፣ መሥዋዕቱን፣ ቀዳምያቱንም ካሥር አንዱን፣ የመታሰቢያ ምስጋናን፣ ብዙውንና ጥቂቱን፣ የተሰወረውንና የተገለጸውን፣ ይሰጡ ዘንድ ሲወዱ የሚሰጡት ከሌላቸው ላይ ፈቃዳቸውን ተቀብሎ መንግሥተ ሰማያትን ይሰጥ ዘንድ ለሁሉ በረከትን የሚያድልበት ሥልጣን ገንዘቡ የሚሆን አምላካችን እግዚአብሔር።,"And again let us beseech the almighty Lord, the Father of the Lord our Savior Jesus Christ, on behalf of those who bring an oblation within the one holy universal church, a sacrifice, first fruits, tithes, a thank offering, a memorial, whether much or little, in secret or openly, and of those who wish to give and have not wherewith to give, that He accept their ready mind, that He vouchsafe to them the heavenly kingdom; power over all works of blessing belongs to the Lord our God.",,\N,\N,\N
block,,,,,,,,,,,serate-preparatory-service-056,prayer,asst. deacon,ጸልዩ በእንተ እለ ያበውኡ መባአ።,መባ ስለሚያቀርቡ ሰዎች ጸልዩ።,Pray for them who bring an oblation.,Tseliyu be'inte ile yabewi'u meba'i.,\N,\N,\N
block,,,,,,,,,,,serate-preparatory-service-057,response,congregation,ተወከፍ መባኦሙ ለአኃው ወተወከፍ መባኦን ለአኃት ለነኒ ተወከፍ መባአነ ወቍርባነነ።,የወንዶችን መባቸውን ተቀበል። የሴቶችንም መባቸውን ተቀበል። የኛንም መባችንን ቁርባናችንንም ተቀበል።,"Accept the oblation of our brethren, accept the oblation of our sisters, and ours also accept, our oblation and our offering.",Tewekef meba'omu le'ahaw wetewekef meba'on le'ahat lenenee tewekef meba'ane weqwurbanene.,\N,\N,\N
block,,,,,,,,,,,serate-preparatory-service-058,prayer,asst. priest,ሁሉን የምትገዛ አምላካችን እግዚአብሔር ሆይ! እንለምንሃለን እንማልድሃለንም ከሁሉ በላይ በምትሆን ባንዲት ቅድስት ቤተ ክርስቲያን ውስጥ መባ ስለሚያገቡ ሰዎች። መሥዋዕቱ፣ መጀመሪያውን፣ ካሥር አንዱን፣ የመታሰቢያ ምስጋናውን፣ ብዙውንና ጥቂቱን የተሰወረውንና የተገለጸውን ይሰጡም ዘንድ ሊወዱ የሚሰጡት ከሌላቸው ላይ ፈቃዳቸውን ተቀብለህ ለሁሉም የበረከት ዋጋን ስጥ፤ ዕድል ፈንታ ትሆን ዘንድ። በአንድ ልጅህ በርሱ ያለ ክብር ጽንዕ ላንተ ይገባል ከርሱ ጋራ ከመንፈስ ቅዱስም ጋራ ዛሬም ዘወትርም ለዘላለሙ በእውነት።,\N,"Lord our God who art almighty, we pray Thee and beseech Thee for them that bring an oblation within the one holy universal church, a sacrifice, first-fruits, tithes, a thank offering, a memorial, whether much or little, in secret or openly, and for those who wish to give and have not wherewith to give. Thy acceptance of their ready mind grant Thou unto every one: let the recompense of blessing be a portion to all of them: through Thy only begotten Son, through whom to Thee with Him and with the Holy Spirit be glory and dominion, both now and ever and world without end. Amen.",,\N,\N,\N
section,,,,,,section-moeh8ys8n0b,Stand up for prayer,ተንሥኡ ለጸሎት,ለጸሎት ተነሡ።,Tensi'u letselot,,,,,,,,,,
block,,,,,,,,,,,serate-qidase-moeh8ys8ulh,prayer,deacon,ተንሥኡ ለጸሎት,ለጸሎት ተነሡ። ,Stand up for prayer. ,Tensi'u letselot ,\N,\N,\N
block,,,,,,,,,,,serate-qidase-moeh8ys83ag,response,congregation,እግዚኦ ተሣሃለነ። ,አቤቱ ይቅር በለን።,Lord have mercy upon us.,Igzee'o tesahalene.,\N,\N,\N
block,,,,,,,,,,,serate-qidase-moeh8ys8i51,prayer,priest,ሰላም ለኵልክሙ።,ሰላም ለሁላችሁም። ,Peace be unto you all. ,Selam lekwulikimu. ,\N,\N,\N
block,,,,,,,,,,,serate-qidase-moeh8ys8nxk,response,congregation,ምስለ መንፈስከ። ,ከመንፈስህ ጋራ።,And with Thy spirit.,Misle menfesike.,\N,\N,\N
section,,,,,,section-mlz15oalt7m,The Prayer of Oblation,,,,,,,,,,,,,
block,,,,,,,,,,,serate-preparatory-service-063,rubric,priest,,የኅብስት ጸሎት,The Prayer of Oblation (continued),,\N,\N,\N
block,,,,,,,,,,,serate-kidase-mlyzawah3kf,prayer,priest,,"መምህራ ኢየሱስ ክርስቶስ ሆይ ከቀዳማዊ አብ ጋራ አንድ የምትሆን፤ ንጹሕ የሚሆን የአብ ቃል፤ የማሕየዊ መንፈስ ቅዱስም ቃል፤ ከሰማያት የወረድህ የሕይወት ኅብስት አንተ ነህ።። ስለ ዓለሙ መዳን ነፍሮ የሊለበት መሥዋዕት እንድትሆን መናገርን አስቀድመህ።። አሁንም ከበጎነትህ ቸርነት እንለምናለን እንማልዳለንም።። ሰው ወዳጅ ሆይ ያንተ በሚሆን በዚህ በመንፈሳዊ ጠቦት ሳይ ባፍርነው በዚህ ""እማሬ"" ኅብስት ሳይና በዚህ ""እማሬ"" ጽዋ ሳይ ፊትህን ግለጽ።। ይህንን ኅብስት ባርከው ይህንንም ጽዋ አክብረው ሁለቱንም አንጻቸው።።
ይህ ""እማሬ"" ንጹሕ ሥጋህን ይሆን ዘንድ ለውጠው።። በዚህ ""እማሬ"" ጽዋ ውስጥ የተቀዳውም ወይን የከበረ ደምህን ይሁን፤ ለሃሳችንም ያረገ ለነፍሳችንና ለሥጋችን ለልቡናችንም ፈውስ ይሆን ዘንድ።።
አምላካችን ክርስቶስ የሃሳችን ንጉሥ አንተ ነህ።። ከፉ ያለ ምስጋናንና ክብርን ስግደትንም ፃንት እንልካለን።። ቸር ከሚሆን ከሰማያዊ አባትህ ጋራ ካንተ ጋራ ከሚተካከል ከማሕየዊ መንፈስ ቅዱስም ጋራ ዛሬም ዘወትርም ለዘሳለሙ፤ አሜን።","O my Master, Jesus Christ, co-eternal pure Word of the Father, and Word of the Holy Spirit, the life giver, Thou art the bread of life which didst come down from heaven, and didst foretell that Thou wouldest be the Lamb without Spot for the life of the world. We now pray and beseech of Thine excellent goodness, O lover of man, make Thy face to shine upon this bread, and upon this cup, which we have set upon this spiritual ark of Thine. Bless this bread, and hallow this cup, and cleanse them both. And change this bread to become Thy pure body, and what is mingled in this cup to become Thy precious blood, let them be offered for us all for healing and for the salvation of our soul and our body and our spirit. Thou art the King of us all, Christ our God, and to Thee we send up high praise and glory and worship, with Thy good heavenly Father and the Holy Spirit, the life giver, who is coequal with Thee, both now and ever and world without end. Amen.",,\N,\N,\N
section,,,,,,section-mlz193rnxm4,The absolution of the Son,ፍትሐት ዘወልድ,,Fithat zeweld,,,,,,,,,,
block,,,,,,,,,,,serate-preparatory-service-067,prayer,deacon,,ያባቶቻችን የሐዋርያት ትእዛዝ ነው። ሰው በልቦናው ቂምንና በቀልን ቅንዓትንና ጠብን በባልንጀራው ላይ በማንም ላይ ቢሆን አይያዝ።,"This is the order of our fathers the Apostles: Let none Keep in his heart malice or revenge or envy or hatred towards his neighbor, or towards any other body.",Yabatochachin yeHawaryat ti’ezaz new. Sew be-libonaw qimna beqelna qin’atna tabna be-balenjraw lay be-manim lay bihon ayiyaz.,\N,\N,\N
block,,,,,,,,,,,serate-qidase-moehec2r0j7,prayer,deacon,ስግዱ ለእግዚአብሔር በፍርሀት።,በፍርሀት ለእግዚአብሔር ስገዱ።,Worship the Lord with fear.,Sigidu le'Igzee'abihér befirihat.,\N,\N,\N
block,,,,,,,,,,,serate-preparatory-service-069,response,congregation,ቅድሜከ እግዚኦ ንሰግድ ወንሴብሐከ።,አቤቱ በፊትህ ወድቀን እንሰግዳለን። እናመሰግንሃለን። ,"Before thee, Lord, we worship, and thee do we glorify.",Qidméke igzee'o nisegid wenisébihake.,\N,\N,\N
block,,,,,,,,,,,serate-qidase-moehk9l7nob,prayer,asst. priest,,"አቤቱ ጌታችን ኢየሱስ ክርስቶስ ወልድ ዋሕድ የእግዚአብሔር አብ ቃል ማሕየዊ መድኃኒትም በምትሆን በሕማምህ ከእኛ የኃጢአታችንን ሁሉ ማስረያ ያጠፋህ።። ንጹሕን በሚሆን ደቀ መጃሙርትህና በንጹሕን አገልጋዮችህ ፊት እፍ ያልሃቸው መንፈስ ቅዱስን ተቀበሉ፤ ይቅር ሃሳቻቸቸው ኃጢአታቸው ይቅርም ሃሃሳቻቸቸው ኃጢአታቸው አይቅርሳቸውም ያልካቸው።።
አሁንም በክብርት ቤተ ክርስቲያንህ ሕልጊዜ የካህነቱን ሥራ ለሚሠሩ ለንጹሕን አገልጋዮችህ አቤቱ አንተ ካህነትን ስጠህ፤ በምድር ሳይ ኃጢአትን ይቅር ይሉ ዘንድ።। ያስሩ ዘንድ የበደልንም ማስረያ ሁሉ ይፈቱ ዘንድ።።
አሁንም አቤቱ ሰው ወዳጅ ሆይ፤ ዳግመኛ ከቸርነትህ እንለምናለን እንሻለንም።። ስለነዚህ ስለ ወንዶችም ስለ ሴቶችም ባሮችህ አባቶቻቸና ወንድሞቻቸ እንቶቻቸም ደካማ ስለምሆን ስለ እነም ስለ ባርያህ፤ በቅዱስ መሠዊያህም ፊት ርሳቸውን ዝቅ ስለ አደርጉ ሰዎች የምሕረቱህን ጡዳና ጥሪጋልን፤ የኃጢአታቸንን ማስረያም ሁሉ ፈጽመህ አጥፋልን፤ አቤቱ አንትን ዝንበድל በማወቅ ወይም ባለማወቅ በተንኮልም ቢሆን በልቡና ካፍትም ቢሆን በመሥራትም ቢሆን በመናገርም ቢሆን በዕውቀት ማንኛም ቢሆን የሰሙን ድካሙን አንተ ታውቃለህና።።
ቸር ሰው ወዳጅ ሆይ የፍቅሬቱ ሁሉ ጌታ አቤቱ የኃጢአታቸንን ሥርዮት ስጠን፤ ባርክን፤ አክብረንም ነጽም የወጣን አድርገን ሕዝቡንም ሁሉ ፍታቸው።። (በዚህ ጊዜ አዲስ የምቅቱን ያስታወስ) ስምህን መፍራትን የተመሉን አድርገን ቅዱስ ፈቃድህንም በመፍራት አጽናን።።
ቸር ሆይ ጌታችንና አምላካችን መድኃኒታችን አንተ ኢየሱስ ክርስቶስ ነህና።። ምስጋናና ክብርን ፃንት እናቀርባለን።። ሰማያዊ ከሚሆን ከቸር አባትህ ጋራ፤ ማሕየዊ ከሚሆን ከመንፈስ ቅዱስም ጋራ ትክክል የሚሆን ዛሬም ዘወትርም ለዘሳለሙ፤ አሜን።።
በዚህ ቀን ያገለገሉህ ባሮችህ ቁስና ዲያቆኑ ካህናቱም (ካህናቱን ይባርክ) ሕዝቡም ሁሉ (ሕዝቡን ይባርክ) እነም ድኃው ባርያህ (ሩሱን ይባርክ) የተፈቱና ነጻ የወጡ ይኑጹ።። ልዩ ሃሥት በሚሆን በአብ በወልድ በመንፈስ ቅዱስ አፍ ሕዋርያት በሰቦሳሊት በቅድስት ቤተ ክርስቲያን አፍ በዓሥሩ አምስቱ ነቢያት አፍ በዓሥሩ ሁለቱ ሕዋርያት አፍ፤ ሥልጣን አገልጋዮች በሃኑ በሳባ ሁሉቱ አርድእት አፍ መልኮትን በትናገሬ ወንጌላዊ ሕዋርያና ሰማዕቱም በሃን በማርቆስ አፍ።
ንጹሕ ክቡር አባት በሚሆን በጳጳሳቱ አለቃ በሳዊሮስና በቅዱስ ዲዮስቆሮስ በቅዱስ አትናቴዎስም በቅዱስ ዮሐንስ አፈ ወርቅና በቅዱስ ቄርሎስ በቅዱስ ጎርጎርዮስና በቅዱስ ባስልዮስ ቃል።།
አርዮስን ለማውገዝ በኒቂያ በትሰቦሳቡ ሃይማኖታቸው በቀና ቢሆን ሃሥስ ምዕት ዐሠሩ ሦሥንት ሊቀዉንትም ቃል።። መቅዶንዮስን ለማውገዝ በቁስጥንጥንያ በትሰቦሳቡ ሃሥምቱ ዐሠሩ ሊቀዉንትም ቃል።། ንስጥሮስን ለማውገዝ በኤፌሶን በትሰቦሳቡ ሁለት ምዕት ሊቀዉንትም ቃል በክቡር የሊቃነ ጳጳሳቱ አለቃ በአባ .... ንዑድ ክቡር በሚሆን ሊቀ ጳጳሳቻችን አባ ...... ቃል ድኃ ክቡር በሚሆን ሊቀ ጳጳሳቸን አባ ...... ቃል ከኔም በኃጥኡ ሊቀ ጳጳሳቸን አባ .... ቃል ይቱ ክቡር በሚሆን ሊቀ ጳጳሳቸን አባ ..... ቃል ድኃ ምስኪን በምሆን በኔም ቃል የተፈቱ ነጻም የወጡ ይኑጹ።།
አምሳክን በወለዶች በሁለት ወገን ድንግል ባዲሲቱ መሃሪያ በክብርት እመቤታችን በማርያም ቃል።።
የቅዱስም ስምህ ምስጋና ቡሩክ ፍጹም ነውና፤ ልዩ ሃሥት የምትሆን አብ ወልድ መንፈስ ቅዱስ ሆይ ዛሬም ዘወትርም ለዘሳለሙ አሜን።","Master, Lord Jesus Christ, the Only-begotten Son, the Word of God the Father, who hast broken off from us all the bonds of our sins through Thy life-giving and saving sufferings, who didst breathe upon the face of Thy holy disciples and pure misisters saying to them: Receive the Holy Spirit: whatso-ever men's sins ye remit they are remitted unto them, and whatsoever sins ye retain they are retained: 
Thou, therefore, O Lord, hast now granted the priesthood to Thy pure ministers that do the priests’ office at all times in Thy holy church that they may remit sin on earth, may bind and loosen all the bonds of iniquity. 
Now again we pray and entreat of Thy goodness, O lover of man, on behalf of these Thy servants and handmaids, my fathers and my brothers and my sisters, and also on my own behalf, on me Thy feeble servant, and on behalf of them that bow their heads before Thy holy altar: prepare for us the way of Thy holy altar: prepare for us the way of Thy mercy, break and sever all the bonds of our sins, whether we have trespassed against Thee, O Lord, wittingly or unwittingly or in deceit or in evilness of heart, whether in deed or in word or through smallness of understanding, for Thou knowest the feebleness of man. 
O good lover of man and Lord of all creation, grant us, O Lord, forgive-
ness of our sins, bless us and purify us and set us free and absolve all Thy people, (here he shall mention those lately dead) and fill us with the fear of
Thy name, and establish us in the doing of Thy holy will. 
O Good, for Thou art our Lord and our God and our Saviour Jesus Christ, to Thee we send glory and honor with Thy good heavenly Father, and the Holy Spirit, the life-giver, who is coequal with Thee, both now and ever and world without end. Amen.
May Thy servants who serve on this day, the priest and the deacon and the clergy and all the people, and I myself Thy poor servant, be absolved and set free and cleansed out of the mouth of the Holy Trinity, the Father and the Son and the Holy Spirit, and out of the mouth of the one holy apostolic church, and out of the mouths of the fifteen prophets, and out of the mouths of the twelve apostles, and out of the mouths of the seventy-two disciples the ministers, and out of the mouth of the speaker of divinity, the evangelist Mark the apostle and martyr: and out of the mouths of the honored Patriarchs St. Severus and St. Dioscorus and St. Athanasius ans St. John Chrysostom and St. Cyril and St. Gregory and St. Basil: and out of the mouths of 318 orthodox that assembled in Nicaea to condemn Arius, and out of the mouths of the 150 that assembled in Constantinople to condemn Macedonius, and out of the mouths of the 200 that assembled in Ephesus to condemn Nestor, and out of the mouth of the honored Patriarch Abba .... and the blessed Archbishop Abba ......., and out of the mouth of me also the sinful and miserable and poor — may they be absolved and set free, and out of the Mouth of our Lady holy Mary, of twofold virginity, mother of God, the new loom; For Thy holy name is blessed and full of glory, O Holy Trinity, Father and Son and Holy Spirit, both now and ever and world without end. Amen.",,\N,\N,\N
block,,,,,,,,,,,serate-preparatory-service-071,prayer,deacon,,አንድ ስለምታደርግ ሥጋውና ደሙ፤ እግዚአብሔር በይቅርታው አንድ ያደርጋን ዘንድ ሰላምን እንማልዳለን።,"For the peacful holy things we beseech, that God may grant us peace
through His mercy.",,\N,\N,\N
block,,,,,,,,,,,serate-kidase-mlyzemvsaad,response,congregation,አሜን ኪርያላይሶን እግዚኦ ተሣሃለነ።,አሜን ኪርያላይሶን እግዚኦ ተሣሃለነ።,Amen Kyreeyalyson Lord have mercy on us,Amen Kyreeyalyson Igzio tesahalene.,\N,\N,\N
block,,,,,,,,,,,serate-qidase-moeilcl4a8h,prayer,deacon,,እግዚአብሔር የሱን ሃይማኖት ብንጹሕ እንድንጠብቅ ይሰጠን ዘንድ ስለ ሃይማኖታችን እንማልዳለን።,"For our Faith we beseech, that God may grant us to keep the faith in
purity.",,\N,\N,\N
block,,,,,,,,,,,serate-qidase-moeildywize,response,congregation,አሜን ኪርያላይሶን እግዚኦ ተሣሃለነ።,አሜን ኪርያላይሶን እግዚኦ ተሣሃለነ።,Amen Kyreeyalyson Lord have mercy on us,Amen Kyreeyalyson Igzio tesahalene.,\N,\N,\N
block,,,,,,,,,,,serate-qidase-moeilk5klsh,prayer,deacon,,እስከ ፍጻሜያችን ድረስ እግዚአብሔር በመንፈስ ቅዱስ አንድነት ይጠብቀን ዘንድ ስለ አንድነታችን እንማልዳለን።,"For our congregation we beseech, that God may keep us unto the end in
the communion of the Holy Spirit.",,\N,\N,\N
block,,,,,,,,,,,serate-qidase-moeilmgxy04,response,congregation,አሜን ኪርያላይሶን እግዚኦ ተሣሃለነ።,አሜን ኪርያላይሶን እግዚኦ ተሣሃለነ።,Amen Kyreeyalyson Lord have mercy on us,Amen Kyreeyalyson Igzio tesahalene.,\N,\N,\N
block,,,,,,,,,,,serate-qidase-moeims3mb35,prayer,deacon,,በመከራችን ሁሉ እግዚአብሔር የትዕግሥትን ፍጻሜ ይሰጠን ዘንድ ስለ ነፍሳችን ትዕግሥት እንማልዳለን።,"For patience of soul we beseech, that God may vouchsafe us perfect pa-
tience in all our tribulation.",,\N,\N,\N
block,,,,,,,,,,,serate-qidase-moeimub55jr,response,congregation,አሜን ኪርያላይሶን እግዚኦ ተሣሃለነ።,አሜን ኪርያላይሶን እግዚኦ ተሣሃለነ።,Amen Kyreeyalyson Lord have mercy on us,Amen Kyreeyalyson Igzio tesahalene.,\N,\N,\N
block,,,,,,,,,,,serate-qidase-moein98rwpa,prayer,deacon,,ቅዱሳን ስለሚሆን ነቢያት ከሳቸው ጋራ እግዚአብሔር ይቆጥረን ዘንድ እንማልዳለን።,"For the holy prophets we beseech, that God may number us with them.",,\N,\N,\N
block,,,,,,,,,,,serate-qidase-moeio1ykoi9,response,congregation,አሜን ኪርያላይሶን እግዚኦ ተሣሃለነ።,አሜን ኪርያላይሶን እግዚኦ ተሣሃለነ።,Amen Kyreeyalyson Lord have mercy on us,Amen Kyreeyalyson Igzio tesahalene.,\N,\N,\N
block,,,,,,,,,,,serate-qidase-moeio0ks54z,prayer,deacon,,እነሱ ደስ እንዳሰኛቸ ደስ ልናሰኛው እግዚአብሔር (ማገልገሉን) ይሰጠን ዘንድ ዕድል ፈንታቸውንም ያድለን ዘንድ አገልጋዮች ስለሚሆን ሕዋርያት እንማልዳለን።,"For the ministering Apostles we beseech, that God may grant us to be
wellpleasing even as they were well pleasing, and apportion unto us a lot with
them.",,\N,\N,\N
block,,,,,,,,,,,serate-qidase-moeinflghxe,response,congregation,አሜን ኪርያላይሶን እግዚኦ ተሣሃለነ።,አሜን ኪርያላይሶን እግዚኦ ተሣሃለነ።,Amen Kyreeyalyson Lord have mercy on us,Amen Kyreeyalyson Igzio tesahalene.,\N,\N,\N
block,,,,,,,,,,,serate-qidase-moeioub18ef,prayer,deacon,,እግዚአብሔር ለኛ የሰማዕቱትን ሥራ ይሰጠን ዘንድ ቅዱሳን ስለሚሆን ሰማዕታት እንማልዳለን።,"For the Holy martyrs we beseech, that God may grant us to perfect the
same conversation.",,\N,\N,\N
block,,,,,,,,,,,serate-qidase-moeiowdoh88,response,congregation,አሜን ኪርያላይሶን እግዚኦ ተሣሃለነ።,አሜን ኪርያላይሶን እግዚኦ ተሣሃለነ።,Amen Kyreeyalyson Lord have mercy on us,Amen Kyreeyalyson Igzio tesahalene.,\N,\N,\N
block,,,,,,,,,,,serate-qidase-moeipf2mk09,prayer,deacon,,የቤተ ክርስቲያን አገልጋዮች እነሱ ናቸውና እግዚአብሔር እነሱን ለረጅም ወራት ይሰጠን ዘንድ ያለ ነፍሮና ሃኑው በዕውቀት የሃይማኖትን ቃል ያቁኑ ዘንድ ስለ ርእሰ ሊቃነ ጳጳሳቱ ስለ አባ ..... ብጹዕ ስለሚሆን ስለ ሊቀ ጳጳሳቻችንም ስለ አባ .... እንማልዳለን።,"For our Patriarch Abba .... and the blessed Archbishop Abba ... we beseech, that God grant them length of days to be over us, that with understanding they may rightly speak the word of faith in purity without spot for that they are the defenders of the church.",,\N,\N,\N
block,,,,,,,,,,,serate-qidase-moeiph7tddq,response,congregation,አሜን ኪርያላይሶን እግዚኦ ተሣሃለነ።,አሜን ኪርያላይሶን እግዚኦ ተሣሃለነ።,Amen Kyreeyalyson Lord have mercy on us,Amen Kyreeyalyson Igzio tesahalene.,\N,\N,\N
block,,,,,,,,,,,serate-qidase-moeivjhzqcq,prayer,deacon,,የካህነቱን ሥልጣን ከእነሱ እግዚአብሔር እንዳያርቅ መትጋትን እሱን መፍራትንም እስከ ፍጻሜ ይሰጥልን ዘንድ ድካማቸውንም ይቀበል ዘንድ ስለ ቃሳውስት እንማልዳለን።,"For the priests we beseech, that God may never take from them the spirit of priesthood, and may give them the grace of zeal and fear of Him unto the end and accept their labor.",,\N,\N,\N
block,,,,,,,,,,,serate-qidase-moeivlm5zbm,response,congregation,አሜን ኪርያላይሶን እግዚኦ ተሣሃለነ።,አሜን ኪርያላይሶን እግዚኦ ተሣሃለነ።,Amen Kyreeyalyson Lord have mercy on us,Amen Kyreeyalyson Igzio tesahalene.,\N,\N,\N
block,,,,,,,,,,,serate-qidase-moeiwbxdumo,prayer,deacon,,ፈጹሞ ሊቆጠኑ መፈጠሮን እግዚአብሔር ይሰጣቸው ዘንድ በቅድስናም ይቅርቡ ዘንድ ድካማቸውንና ፍቅራቸውንም ያስብ ዘንድ ስለ ዲያቆናት እንማልዳለን።,"For the deacons we beseech, that God may grant them to run a perfect course, and draw them nigh unto Him in holiness, and remember their labor and their love.",,\N,\N,\N
block,,,,,,,,,,,serate-qidase-moeiwep59il,response,congregation,አሜን ኪርያላይሶን እግዚኦ ተሣሃለነ።,አሜን ኪርያላይሶን እግዚኦ ተሣሃለነ።,Amen Kyreeyalyson Lord have mercy on us,Amen Kyreeyalyson Igzio tesahalene.,\N,\N,\N
block,,,,,,,,,,,serate-qidase-moeix6o2qj5,prayer,deacon,,የሃይማኖታቸውን ትጋት ሊፈጹሙ እግዚአብሔር ይሰጣቸው ዘንድ ስለ ንፍቅ ዲያቆናት ስለ አንባቢዮችም ስለ መዘምራንም እንማልዳለን።,"For the assistant deacons and the anagnosts and the singers we beseech, that God may grant them to perfect the diligence of their faith.",,\N,\N,\N
block,,,,,,,,,,,serate-qidase-moeixacy6ew,response,congregation,አሜን ኪርያላይሶን እግዚኦ ተሣሃለነ።,አሜን ኪርያላይሶን እግዚኦ ተሣሃለነ።,Amen Kyreeyalyson Lord have mercy on us,Amen Kyreeyalyson Igzio tesahalene.,\N,\N,\N
block,,,,,,,,,,,serate-qidase-moeiyf2ooyk,prayer,deacon,,ልመናቸውን ይሰማቸው ዘንድ ይልቀንም የመንፈስ ቅዱስን ሂብት በልቡናቸው ያሳድርባቸው ዘንድ ድካማቸውንም ይቀበል ዘንድ ስለ ባልቴቶች ሬዳትም ስለሴሳቻው እንማልዳለን።,"For the widows and the bereaved we beseech, that God may hear their prayers and vouchsafe them abundantly in their hearts the grace of the Holy Spirit and accept their labor.",,\N,\N,\N
block,,,,,,,,,,,serate-qidase-moeiygxg7s5,response,congregation,አሜን ኪርያላይሶን እግዚኦ ተሣሃለነ።,አሜን ኪርያላይሶን እግዚኦ ተሣሃለነ።,Amen Kyreeyalyson Lord have mercy on us,Amen Kyreeyalyson Igzio tesahalene.,\N,\N,\N
block,,,,,,,,,,,serate-qidase-moeiz3jt5u3,prayer,deacon,,እግዚአብሔር የድንግላናቸውን ዋጋ (አክሊል) ይሰጣቸው ዘንድ ለእግዚአብሔርም ወንዶችም ሴቶች ልጆች ይሆኑት ዘንድ ድካማቸውንም ይቀበል ዘንድ ስለ ድንግል እንማልዳለን።,"For the virgins we beseech, that God may grant them the crown of virginity, and that they may be unto God sons and daughters and that He may accept their labor.",,\N,\N,\N
block,,,,,,,,,,,serate-qidase-moeiz4yi2ur,response,congregation,አሜን ኪርያላይሶን እግዚኦ ተሣሃለነ።,አሜን ኪርያላይሶን እግዚኦ ተሣሃለነ።,Amen Kyreeyalyson Lord have mercy on us,Amen Kyreeyalyson Igzio tesahalene.,\N,\N,\N
block,,,,,,,,,,,serate-qidase-moeizya6576,prayer,deacon,,በምታገሃቸው ዋጋቸውን ይቀበሉ ዘንድ እግዚአብሔር እንዲሰጣቸው ስለ ሚታገሁ ሰዎች እንማልዳለን።,"For those who suffer patiently we beseech, that God grant them to receive their rewards through patience.",,\N,\N,\N
block,,,,,,,,,,,serate-qidase-moej01cpy3i,response,congregation,አሜን ኪርያላይሶን እግዚኦ ተሣሃለነ።,አሜን ኪርያላይሶን እግዚኦ ተሣሃለነ።,Amen Kyreeyalyson Lord have mercy on us,Amen Kyreeyalyson Igzio tesahalene.,\N,\N,\N
block,,,,,,,,,,,serate-qidase-moej0lylbmk,prayer,deacon,,በንጹሕና ሃኑው ይጠብቅ ዘንድ እግዚአብሔር ፍጹም ሃይማኖትን እንዲሰጣቸው ስለ ሕዝባውያንና ስለ መሃይምናን እንማልዳለን።,"For the laity and faithful we beseech, that God may grant them complete faith which they may keep in purity.",,\N,\N,\N
block,,,,,,,,,,,serate-qidase-moej0n8bb3m,response,congregation,አሜን ኪርያላይሶን እግዚኦ ተሣሃለነ።,አሜን ኪርያላይሶን እግዚኦ ተሣሃለነ።,Amen Kyreeyalyson Lord have mercy on us,Amen Kyreeyalyson Igzio tesahalene.,\N,\N,\N
block,,,,,,,,,,,serate-qidase-moej1et0iqc,prayer,deacon,,በጎውን ዕድል ኃጢአትን ለማስተሥረይ ሁለተኛ መወልድ የሚጎኙቶን ሕፍቦት እግዚአብሔር ይሰጣቸው ዘንድ በቅድስት ሥሳሊም ማንትም ያክብራቸው ያቅሙቸው ዘንድ ስለ ንኡስ ክርስቲያን እንማልዳለን።,"For the catechumens we beseech, that God may grant them a good portion and the washing of regeneration for the remission of sin, and seal them with the seal of the Holy Trinity.",,\N,\N,\N
block,,,,,,,,,,,serate-qidase-moej1io5cmh,response,congregation,አሜን ኪርያላይሶን እግዚኦ ተሣሃለነ።,አሜን ኪርያላይሶን እግዚኦ ተሣሃለነ።,Amen Kyreeyalyson Lord have mercy on us,Amen Kyreeyalyson Igzio tesahalene.,\N,\N,\N
block,,,,,,,,,,,serate-qidase-moej31uh426,prayer,deacon,,በዘሙን ፍጹም ሰላምን እግዚአብሔር ይሰጠው ዘንድ ስለ (መሪያችን) ......... እንማልዳለን።,"Four our leader ....... we beseech, that God may vouchsafe him much peace in his days.",,\N,\N,\N
block,,,,,,,,,,,serate-qidase-moej30eznap,response,congregation,አሜን ኪርያላይሶን እግዚኦ ተሣሃለነ።,አሜን ኪርያላይሶን እግዚኦ ተሣሃለነ።,Amen Kyreeyalyson Lord have mercy on us,Amen Kyreeyalyson Igzio tesahalene.,\N,\N,\N
block,,,,,,,,,,,serate-qidase-moej8pof4t0,prayer,deacon,,ዕውቀትን እሱን መፍራትንም እግዚአብሔር ይሰጣቸው ዘንድ ስለ መኳንንትና ሥልጣን ስሳቻው እንማልዳለን።,"For the rulers and those in authority we beseech, that God may grant them of His wisdom and His fear.",,\N,\N,\N
block,,,,,,,,,,,serate-qidase-moej8r7vhah,response,congregation,አሜን ኪርያላይሶን እግዚኦ ተሣሃለነ።,አሜን ኪርያላይሶን እግዚኦ ተሣሃለነ።,Amen Kyreeyalyson Lord have mercy on us,Amen Kyreeyalyson Igzio tesahalene.,\N,\N,\N
block,,,,,,,,,,,serate-qidase-moej94kf8cz,prayer,deacon,,ስለ ዓለሙ ሁሉ እግዚአብሔር ማሳብን ያስቀድሙ ዘንድ ሊያንዳንዱም የሚያስፈልጋቸውን ያማሩን የሚሻቸውንም ያስብ ዘንድ ስለ ዓለም ሁሉ እንማልዳለን።,"For the whole world we beseech, that God should hasten His purpose and put into the mind of all and each to desire that which is good and expedient.",,\N,\N,\N
block,,,,,,,,,,,serate-qidase-moej96i3eoj,response,congregation,አሜን ኪርያላይሶን እግዚኦ ተሣሃለነ።,አሜን ኪርያላይሶን እግዚኦ ተሣሃለነ።,Amen Kyreeyalyson Lord have mercy on us,Amen Kyreeyalyson Igzio tesahalene.,\N,\N,\N
block,,,,,,,,,,,serate-qidase-moej9nnccuk,prayer,deacon,,እግዚአብሔር ይቅርታ ባለው ቀኝ መርቱ በፍቅርና በደጎንነት ወደ ማደሪያቸው ይምልሳቸው ዘንድ በባሕርና በደረቅ ስለሚሄዱ ሰዎች እንማልዳለን።,"For them that travel by sea and by land we beseech, that God should guide them with a merciful right hand and let them enter their home in safety and peace.",,\N,\N,\N
block,,,,,,,,,,,serate-qidase-moej9orye7b,response,congregation,አሜን ኪርያላይሶን እግዚኦ ተሣሃለነ።,አሜን ኪርያላይሶን እግዚኦ ተሣሃለነ።,Amen Kyreeyalyson Lord have mercy on us,Amen Kyreeyalyson Igzio tesahalene.,\N,\N,\N
block,,,,,,,,,,,serate-qidase-moejad1oot0,prayer,deacon,,እግዚአብሔር የልት የልት ምሃቻቸውን ይሰጣቸው ዘንድ ስለ ተራቡና ስለ ተጠሙ ሰዎች እንማልዳለን።,"For the hungry and the thirsty we beseech, that God should grant them their daily food.",,\N,\N,\N
block,,,,,,,,,,,serate-qidase-moejaensplb,response,congregation,አሜን ኪርያላይሶን እግዚኦ ተሣሃለነ።,አሜን ኪርያላይሶን እግዚኦ ተሣሃለነ።,Amen Kyreeyalyson Lord have mercy on us,Amen Kyreeyalyson Igzio tesahalene.,\N,\N,\N
block,,,,,,,,,,,serate-qidase-moejd2udu79,prayer,deacon,,እግዚአብሔር ፈጹሞ ያረጋጋቸው ዘንድ ስለ አዞኑና ስለ ተከዙ ሰዎች እንማልዳለን።,"For the sad and the sorrowful we beseech, that God may give them perfect consolation.",,\N,\N,\N
block,,,,,,,,,,,serate-qidase-moejd44xs3d,response,congregation,አሜን ኪርያላይሶን እግዚኦ ተሣሃለነ።,አሜን ኪርያላይሶን እግዚኦ ተሣሃለነ።,Amen Kyreeyalyson Lord have mercy on us,Amen Kyreeyalyson Igzio tesahalene.,\N,\N,\N
block,,,,,,,,,,,serate-qidase-moejdkrz8yj,prayer,deacon,,እግዚአብሔር ከእሥራታቸው ይፈታቸው ዘንድ ስለ ታሠሩ ሰዎች እንማልዳለን።,"For the prisoners we beseech, that God may loose them from their bonds.",,\N,\N,\N
block,,,,,,,,,,,serate-qidase-moejdm0wdu0,response,congregation,አሜን ኪርያላይሶን እግዚኦ ተሣሃለነ።,አሜን ኪርያላይሶን እግዚኦ ተሣሃለነ።,Amen Kyreeyalyson Lord have mercy on us,Amen Kyreeyalyson Igzio tesahalene.,\N,\N,\N
block,,,,,,,,,,,serate-qidase-moeje26u3st,prayer,deacon,,እግዚአብሔር በሰላም ወደ አገራቸው ይመልሳቸው ዘንድ ስለ ተሳደሩ ሰዎች እንማልዳለን።,"For the captives, we beseech, that God may restore them to their country in peace.",,\N,\N,\N
block,,,,,,,,,,,serate-qidase-moeje3quh17,response,congregation,አሜን ኪርያላይሶን እግዚኦ ተሣሃለነ።,አሜን ኪርያላይሶን እግዚኦ ተሣሃለነ።,Amen Kyreeyalyson Lord have mercy on us,Amen Kyreeyalyson Igzio tesahalene.,\N,\N,\N
block,,,,,,,,,,,serate-qidase-moejelwwac4,prayer,deacon,,እግዚአብሔር ትዕግሥትን በጎ ትምህርትንም ይሰጣቸው ዘንድ የድካማቸውንም ፍጹም ዋጋ ይሰጣቸው ዘንድ ስለ ተሰደዱ ሰዎች እንማልዳለን።,"For those who were sent away we beseech, that God should grant them patience and good instruction, and give them complete reward for their labor.",,\N,\N,\N
block,,,,,,,,,,,serate-qidase-moejeng8hgn,response,congregation,አሜን ኪርያላይሶን እግዚኦ ተሣሃለነ።,አሜን ኪርያላይሶን እግዚኦ ተሣሃለነ።,Amen Kyreeyalyson Lord have mercy on us,Amen Kyreeyalyson Igzio tesahalene.,\N,\N,\N
block,,,,,,,,,,,serate-qidase-moejfe8thfy,prayer,deacon,,እግዚአብሔር ፈጥኖ ያድናቸው ዘንድ ይቅርታውንና ቸርነቱንም ይልካላቸው ዘንድ ስለ ታመሙትና ስለ ድውያኑ እንማልዳለን።,"For the sick and the diseased we beseech, that God should heal them speedily and send upon them mercy and compassion.",,\N,\N,\N
block,,,,,,,,,,,serate-qidase-moejffjk87m,response,congregation,አሜን ኪርያላይሶን እግዚኦ ተሣሃለነ።,አሜን ኪርያላይሶን እግዚኦ ተሣሃለነ።,Amen Kyreeyalyson Lord have mercy on us,Amen Kyreeyalyson Igzio tesahalene.,\N,\N,\N
block,,,,,,,,,,,serate-qidase-moejg57iawd,prayer,deacon,,ከቅድስት ቤተ ክርስቲያን ወገን ስለ ሞቱ ሰዎች እግዚአብሔር የዕረፍት ቦታ ይሰጣቸው ዘንድ እንማልዳለን።,"For those who have fallen asleep in his holy church we beseech, that God may vouchsafe them a place of rest.",,\N,\N,\N
block,,,,,,,,,,,serate-qidase-moejg6klcr2,response,congregation,አሜን ኪርያላይሶን እግዚኦ ተሣሃለነ።,አሜን ኪርያላይሶን እግዚኦ ተሣሃለነ።,Amen Kyreeyalyson Lord have mercy on us,Amen Kyreeyalyson Igzio tesahalene.,\N,\N,\N
block,,,,,,,,,,,serate-qidase-moejgonzy20,prayer,deacon,,እግዚአብሔር እንዳይቀማቸው ከመዓቱም ተመልሶ ፍጹም ዕረፍትን ይሰጣቸው ዘንድ ስለ በደሉ አባታቻችንና ወንድማቻችን እንማልዳለን።,"For those who have sinned, our fathers and our brothers we beseech, that God cherish not anger against them, but grant them rest and relief from His wrath.",,\N,\N,\N
block,,,,,,,,,,,serate-qidase-moejgq5kn2v,response,congregation,አሜን ኪርያላይሶን እግዚኦ ተሣሃለነ።,አሜን ኪርያላይሶን እግዚኦ ተሣሃለነ።,Amen Kyreeyalyson Lord have mercy on us,Amen Kyreeyalyson Igzio tesahalene.,\N,\N,\N
block,,,,,,,,,,,serate-qidase-moejhcoshiy,prayer,deacon,,በሚሻቦት ቦታ እግዚአብሔር ዝናሙን ያዘንም ዘንድ ስለ ዝናም እንማልዳለን።,"For the rains we beseech, that God may send rain on the place that need it.",,\N,\N,\N
block,,,,,,,,,,,serate-qidase-moejhe5kqix,response,congregation,አሜን ኪርያላይሶን እግዚኦ ተሣሃለነ።,አሜን ኪርያላይሶን እግዚኦ ተሣሃለነ።,Amen Kyreeyalyson Lord have mercy on us,Amen Kyreeyalyson Igzio tesahalene.,\N,\N,\N
block,,,,,,,,,,,serate-qidase-moejhz8xuvl,prayer,deacon,,የወንኙን ውኃ ምሳልንብለን እግዚአብሔር እነሱን እስከ ልካቸውና እስከ ወሰናቸው ይመሳ ዘንድ ስለ ወንዙ ውኃ እንማልዳለን።,"For the waters of the rivers we beseech, that God should fill them unto their due measure and bounds.",,\N,\N,\N
block,,,,,,,,,,,serate-qidase-moeji0s9ohe,response,congregation,አሜን ኪርያላይሶን እግዚኦ ተሣሃለነ።,አሜን ኪርያላይሶን እግዚኦ ተሣሃለነ።,Amen Kyreeyalyson Lord have mercy on us,Amen Kyreeyalyson Igzio tesahalene.,\N,\N,\N
block,,,,,,,,,,,serate-qidase-moejipj4bd0,prayer,deacon,,ለዘርና ለመከር ሊሆን እግዚአብሔር ለምድር ፍሬዎን ይሰጣት ዘንድ ስለ ምድር ፍሬ እንማልዳለን።። በጸሎት የምንለምንና የምንማልድ ሃሳችንንም በሰላም በመንፈስ ይጠብቅን፤ ፍቅርንም ይስጠን፤ ዓይነ ልቡናችንንም ያበሩልን።። ፈቃዱም ሆኖ ጸሎታችንን ይቀበል ዘንድ ቀርቦን እግዚአብሔርን እንለምነው።,"For the fruits of the earth we beseech, that God may grant to the earth her fruit for sowing and for harvest. And all of us who ask and beseech in prayer, may He cover us with the spirit of peace, and give us grace, and enlighten the eyes of our hearts. Let us draw nigh and ask God to accept our prayers according to His will.",,\N,\N,\N
block,,,,,,,,,,,serate-qidase-moejir00j2a,response,congregation,አሜን ኪርያላይሶን እግዚኦ ተሣሃለነ።,አሜን ኪርያላይሶን እግዚኦ ተሣሃለነ።,Amen Kyreeyalyson Lord have mercy on us,Amen Kyreeyalyson Igzio tesahalene.,\N,\N,\N
block,,,,,,,,,,,serate-qidase-moejp7c8k0u,prayer,deacon,,አውቀን በሃብቱ እናድግ ዘንድ በእርሱም ስም እንመካ ዘንድ በነቢያት በሕዋፐርያትም መሠረት ሳይ እንታነጽ ዘንድ እንግዲህ በመንፈስ ቅዱስ እንኖሃ።። ቀርቦን አምላካችን እግዚአብሔርን እንለምነው፤ ወዳ ጸሎታችንን ይቀበል ዘንድ።,"Let us therefore rise in the Holy Spirit, growing in His grace, with understanding, glorying in His name and built upon the foundation of the prophets and the apostles. Let us draw nigh and ask the Lord God to accept our prayers according to His will.",,\N,\N,\N
section,,,,,,section-moeh5kbko6a,Stand up for prayer,ተንሥኡ ለጸሎት,ለጸሎት ተነሡ።,Tensi'u letselot,,,,,,,,,,
block,,,,,,,,,,,serate-qidase-moeh5kbkgut,prayer,deacon,ተንሥኡ ለጸሎት,ለጸሎት ተነሡ። ,Stand up for prayer. ,Tensi'u letselot ,\N,\N,\N
block,,,,,,,,,,,serate-qidase-moeh5kbkpr3,response,congregation,እግዚኦ ተሣሃለነ። ,አቤቱ ይቅር በለን።,Lord have mercy upon us.,Igzee'o tesahalene.,\N,\N,\N
block,,,,,,,,,,,serate-qidase-moeh5kbkyhf,prayer,priest,ሰላም ለኵልክሙ።,ሰላም ለሁላችሁም። ,Peace be unto you all. ,Selam lekwulikimu. ,\N,\N,\N
block,,,,,,,,,,,serate-qidase-moeh5kbk0uj,response,congregation,ምስለ መንፈስከ። ,ከመንፈስህ ጋራ።,And with Thy spirit.,Misle menfesike.,\N,\N,\N
section,,,,,,section-mlz1bxg863h,Let us Worship,ንስግድ,እንስገድ,Nisgid,,,,,,,,,,
block,,,,,,,,,,,serate-preparatory-service-074,prayer,priest,ንስግድ። (፫ ጊዜ),እንስገድ። (ሦስት ጊዜ),Nisigid (3 times) ,Let us worship (3 times),\N,\N,\N
block,,,,,,,,,,,serate-preparatory-service-075,response,congregation,ለአብ፣ ወወልድ፣ ወመንፈስ ቅዱስ እንዘ ሠለስቱ አሐዱ። (፫ ጊዜ),ሦስት ሲሆኑ አንድ ለሚሆኑ ለአብና ለወልድ ለመንፈስ ቅዱስም። (ሦስት ጊዜ),"The Father and the Son and the Holy Spirit, three in one. (3 times)","Le'Ab, weWeld, weMenfes Qidus inze selestu ahadu. (3 times)",\N,\N,\N
block,,,,,,,,,,,serate-preparatory-service-076,prayer,priest,ሰላም ለኪ።,ሰላም ላንቺ ይኹን።,Peace be unto Thee,Selam lekee,\N,\N,\N
block,,,,,,,,,,,serate-preparatory-service-077,response,congregation,ቅድስት ቤተ ክርስቲያን ማኅደረ መለኮት።,የመለኮት ማደሪያ የሆንሽ ክብርት ቤተ ክርስቲያን።,"Holy church, dwellingplace of the godhead.",Qidist béte kiristeeyan mahidere melekot. ,\N,\N,\N
block,,,,,,,,,,,serate-preparatory-service-078,prayer,priest,ሰአሊ ለነ።,ለምኚልን።,Ask for us:,Se'alee lene. ,\N,\N,\N
block,,,,,,,,,,,serate-preparatory-service-079,response,congregation,ድንግል ማርያም ወላዲተ አምላክ።,አምላክን የወለድሽ ድንግል ማርያም። አንቲ ውእቱ። አንቺ ነሽ።,"Virgin Mary, mother of God, Antee wi'itu. Thou art:",Dingil Mariam weladeete amlak. ,\N,\N,\N
block,,,,,,,,,,,serate-kidase-mlz203nq1ra,prayer,priest,አንቲ ውእቱ። ,አንቺ ነሽ።,Thou art,Antee wi'itu. ,\N,\N,\N
block,,,,,,,,,,,serate-preparatory-service-080,response,congregation,ማዕጠንት ዘወርቅ እንተ ፆርኪ ፍሕመ እሳተ ቡሩክ ዘነሥኣ እመቅደስ ዘይሠሪ ኃጢአተ ወይደመስስ ጌጋየ ። ዝውእቱ ዘእግዚአብሔር ቃል ዘተሰብአ እምኔኪ ዘአዕረገ ለአቡሁ ርእሶ ዕጣነ ወመሥዋዕተ ሥሙረ። ንሰግድ ለከ ክርስቶስ ምስለ አቡከ ኄር ሰማያዊ ወመንፈስከ ቅዱስ ማሕየዊ እስመ መጻእከ ወአድኀንከነ።,ቡሩክ ከቤተ መቅደስ የተቀበላት የወርቅ ጽና አንቺ ነሽ፣ የእሳት ፍሕም የያዝሽ፣ ኃጢአትን የሚያስተሰርይ፤ በደልንም የሚያጠፋ። ይኸውም ካንቺ ሰው የሆነው የእግዚአብሔር ቃል ነው። ራሱን ያማረ ዕጣንና መሥዋዕት አድርጎ ለአባቱ ያቀረበ። ክርስቶስ ሆይ! ሰማያዊ ከሚሆን ከቸር ራሱን ያማረ ዕጣንና መሥዋዕት አድርጎ ለአባቱ ያቀረበ። ክርስቶስ ሆይ! ሰማያዊ ከሚሆን ከቸር,"The golden censer which didst bear the coal of fire which the blessed took from the sanctuary, and which forgiveth sin and blotteth out error, who is God's Word that was, made man from thee, who offered himself to his Father for incense and an acceptable sacrifice. We worship Thee, Christ, with Thy good heavenly Father and Thy Holy Spirit, the life-giver, for Thou didst come and save us.",Ma'itente zewerq inte tsorqee fihime isate buruk zenesi'a imeqdesi zeyseri hati'yat Weyidemesis gégaye. Ziwi'itu ze'Igzee'abihér qal zetesebi'a imnekee ze'a'irege le'abuhu. ri'iso itane wemeswa'it simure. Nisegid leke Kiristos misle abuke hér semayawee wemenfesike qidus mahiyewee isme metsa'ike we'adhankene.,\N,\N,\N
section,,,,,,section-moek9pgwuf9,Stand up for prayer,ተንሥኡ ለጸሎት,ለጸሎት ተነሡ።,Tensi'u letselot,,,,,,,,,,
block,,,,,,,,,,,serate-qidase-moek9pgwdod,prayer,deacon,ተንሥኡ ለጸሎት,ለጸሎት ተነሡ። ,Stand up for prayer. ,Tensi'u letselot ,\N,\N,\N
block,,,,,,,,,,,serate-qidase-moek9pgw2y5,response,congregation,እግዚኦ ተሣሃለነ። ,አቤቱ ይቅር በለን።,Lord have mercy upon us.,Igzee'o tesahalene.,\N,\N,\N
block,,,,,,,,,,,serate-qidase-moek9pgw52x,prayer,priest,ሰላም ለኵልክሙ።,ሰላም ለሁላችሁም። ,Peace be unto you all. ,Selam lekwulikimu. ,\N,\N,\N
block,,,,,,,,,,,serate-qidase-moek9pgw2w2,response,congregation,ምስለ መንፈስከ። ,ከመንፈስህ ጋራ።,And with Thy spirit.,Misle menfesike.,\N,\N,\N
section,,,,,,serate-preparatory-service,Glory and honor,,,Sibhat wekibir,,,,,,,,,,
block,,,,,,,,,,,serate-preparatory-service-086,prayer,priest,ስብሐት ወክብር ለሥሉስ ቅዱስ ይደሉ,ሦስት ለሚሆኑ ለቅድስት ሥላሲ ምስጋና ይገባቸዋል,"Glory and honor are meet to he Holy Trinity, ",Sebhat wekibir lesilus kidus yidelu,\N,\N,\N
block,,,,,,,,,,,serate-qidase-moelvsxohap,response,congregation,ይደልዎሙ ለአብ ወወልድ ወመንፈስ ቅዱስ,ለአብ ለወልድ ለመንፈስ ቅዱስ ይገባቸዋል,"It is due unto the Father, the son, and the Holy Spirit",Yidelwomu le’ab wewold wemenfes kidus,\N,\N,\N
block,,,,,,,,,,,serate-qidase-moelvubs5yb,prayer,priest,አብ ወወልድ ወመንፈስ ቅዱስ ኩሎ ጊዜ ይእዜኒ ወዘልፈኒ ወለዓለመ ዓለም,ለአብና ለወልድ ለመንፈስ ቅዱስም ሁልጊዜ ዛሬም ዘወትርም ለዘለዓለሙ,"To the Father, the Son, and the Holy Spirit at all times, both now and ever and world without end",Ab we-Weld we-Menfes Qidus kulo gize yīʾezeni we-zelifeni we-leʿaleme ʿalem.,\N,\N,\N
block,,,,,,,,,,,serate-qidase-moem5u4y23f,response,congregation,አሜን,አሜን,Amem,Amen,\N,\N,\N
block,,,,,,,,,,,serate-qidase-moelvr8w1lr,prayer,priest,ስብሐት ወክብር ለሥሉስ ቅዱስ ይደሉ,ሦስት ለሚሆኑ ለቅድስት ሥላሲ ምስጋና ይገባቸዋል,"Glory and honor are meet to he Holy Trinity, ",Sebhat wekibir lesilus kidus yidelu,\N,\N,\N
block,,,,,,,,,,,serate-qidase-moekbwyp2kh,response,congregation,ይደልዎሙ ለአብ ወወልድ ወመንፈስ ቅዱስ,ለአብ ለወልድ ለመንፈስ ቅዱስ ይገባቸዋል,"It is due unto the Father, the son, and the Holy Spirit",Yidelwomu le’ab wewold wemenfes kidus,\N,\N,\N
block,,,,,,,,,,,serate-qidase-moelvu45tq6,prayer,priest,አብ ወወልድ ወመንፈስ ቅዱስ ኩሎ ጊዜ ይእዜኒ ወዘልፈኒ ወለዓለመ ዓለም,ለአብና ለወልድ ለመንፈስ ቅዱስም ሁልጊዜ ዛሬም ዘወትርም ለዘለዓለሙ,"To the Father, the Son, and the Holy Spirit at all times, both now and ever and world without end",Ab we-Weld we-Menfes Qidus kulo gize yīʾezeni we-zelifeni we-leʿaleme ʿalem.,\N,\N,\N
block,,,,,,,,,,,serate-qidase-moem6jjzfb3,response,congregation,አሜን,አሜን,Amem,Amen,\N,\N,\N
block,,,,,,,,,,,serate-qidase-moelvqqe1pj,prayer,priest,ስብሐት ወክብር ለሥሉስ ቅዱስ ይደሉ,ሦስት ለሚሆኑ ለቅድስት ሥላሲ ምስጋና ይገባቸዋል,"Glory and honor are meet to he Holy Trinity, ",Sebhat wekibir lesilus kidus yidelu,\N,\N,\N
block,,,,,,,,,,,serate-qidase-moelvso66dn,response,congregation,ይደልዎሙ ለአብ ወወልድ ወመንፈስ ቅዱስ,ለአብ ለወልድ ለመንፈስ ቅዱስ ይገባቸዋል,"It is due unto the Father, the son, and the Holy Spirit",Yidelwomu le’ab wewold wemenfes kidus,\N,\N,\N
block,,,,,,,,,,,serate-kidase-mlz2c4d3fg0,prayer,priest,አብ ወወልድ ወመንፈስ ቅዱስ ኵሎ ጊዜ ይእዜኒ ወዘልፈኒ ወለዓለመ ዓለም,"ሁል ጊዜ ክብር ምስጋና ይገባቸዋል ዛሬም ዘወትርም ለዘለዓለሙ
",the Father and the Son and the Holy Spirit at all times. Both now and ever and world without end. Amen.,Ab wewold wemenfes kidus kulo gize yi’izeni wezelfeni wele’aleme alem,\N,\N,\N
block,,,,,,,,,,,serate-qidase-moem6s5y330,response,congregation,አሜን,አሜን,Amem,Amen,\N,\N,\N
section,,,,,,section-mlzayz4uz48,1st Reading - Pauline Epistle,,,\N,,,,,,,,,,
block,,,,,,,,,,,serate-readings-092,heading,\N,1ኛ ምንባብ,ወደ ኤፌሶን ሰዎች,1st Reading: Ephesians Ch. 6 : 1 - 9,,pauline,\N,\N
block,,,,,,,,,,,serate-readings-093,response,congregation,ቅዱስ ሐዋርያ ጳውሎስ ሠናየ መልእክት ፈዋሴ ዱያን ዘነሣእከ አክሊለ ሰአል,ሐዋርያ ቅዱስ ጳውልስ መልእክትህ የበጀ፣ የታመሙትን ያዳንክ፣ አክሊልን የተቀበልህ፤,"Holy Apostle Paul, good messenger, healer of the sick, who hast received the crown, ask and pray for us in order",Qidus hawariya Pawulos senaye mel'ikti fewasé duyane zenesa'ike akleele se'al wetselee,\N,\N,\N
block,,,,,,,,,,,serate-readings-094,rubric,\N,ወጸሊ በእንቲኣነ ያድኅን ነፍሳተነ በብዛኅ ሣህሉ ወምሕረቱ በእንተ ስሙ ቅዱስ።,ስለእና ለምንልን፣ ጸልይልን። ስለቅዱስ ስሙ ብሎ በቸርነቱ በይቅርታው ብዛት ሰውነታችንን ያድነን ዘንድ።,that He may save our souls in the multitude of His mercies and in His pity for His holy name's sake.,Wetselee be'intee'ane yadihin nefsatene bebiziha sahilu wemihretu be'inte simu qidus.,\N,\N,\N
section,,,,,,section-moek9vfttcu,Stand up for prayer,ተንሥኡ ለጸሎት,ለጸሎት ተነሡ።,Tensi'u letselot,,,,,,,,,,
block,,,,,,,,,,,serate-qidase-moek9vftule,prayer,deacon,ተንሥኡ ለጸሎት,ለጸሎት ተነሡ። ,Stand up for prayer. ,Tensi'u letselot ,\N,\N,\N
block,,,,,,,,,,,serate-qidase-moek9vftr3u,response,congregation,እግዚኦ ተሣሃለነ። ,አቤቱ ይቅር በለን።,Lord have mercy upon us.,Igzee'o tesahalene.,\N,\N,\N
block,,,,,,,,,,,serate-qidase-moek9vfttkw,prayer,priest,ሰላም ለኵልክሙ።,ሰላም ለሁላችሁም። ,Peace be unto you all. ,Selam lekwulikimu. ,\N,\N,\N
block,,,,,,,,,,,serate-qidase-moek9vftjst,response,congregation,ምስለ መንፈስከ። ,ከመንፈስህ ጋራ።,And with Thy spirit.,Misle menfesike.,\N,\N,\N
section,,,,,,section-mlzb1826gg9,2nd Reading - Catholic Eplistle,,,\N,,,,,,,,,,
block,,,,,,,,,,,serate-readings-097,heading,\N,,2ኛ ምንባብ - ራዕይ ዮሐንስ,2nd Reading: Revelation Ch. 12 : 1 - 12,,catholic,\N,\N
block,,,,,,,,,,,serate-readings-098,response,congregation,ቅዱስ ሥሉስ ዘኅቡር ህላዌከ ዕቀብ ማኅበረነ በእንተ ቅዱሳን ኅሩያን አርዳኢከ ናዝዘነ በሣህልከ በእንተ ቅዱስ ስምከ።,ባሕርይህ አንድ የሚሆን፣ በሦስትነት ያለህ ቅዱስ ሆይ! አንድነታችንን ጠብቅልን፤ ስለተመረጡ ክቡራን ደቀመዛሙርትህ፤ ሰለቅዱስ ስምህም ብለህ በይቅርታህ አረጋጋን።,"Holy con substantial Trinity, preserve our congregation for Thy holy elect disciples' sake: comfort us in Thy mercy, for Thy holy name's sake.",Qidus silus zehibur hilawéke iqeb mahiberene be'inte qidusan hiruyan arda'eeke nazizene besahilike be'inteqidus simike.,\N,\N,\N
section,,,,,,section-moeka3nj31y,Stand up for prayer,ተንሥኡ ለጸሎት,ለጸሎት ተነሡ።,Tensi'u letselot,,,,,,,,,,
block,,,,,,,,,,,serate-qidase-moeka3nj2c5,prayer,deacon,ተንሥኡ ለጸሎት,ለጸሎት ተነሡ። ,Stand up for prayer. ,Tensi'u letselot ,\N,\N,\N
block,,,,,,,,,,,serate-qidase-moeka3nj0of,response,congregation,እግዚኦ ተሣሃለነ። ,አቤቱ ይቅር በለን።,Lord have mercy upon us.,Igzee'o tesahalene.,\N,\N,\N
block,,,,,,,,,,,serate-qidase-moeka3nj6it,prayer,priest,ሰላም ለኵልክሙ።,ሰላም ለሁላችሁም። ,Peace be unto you all. ,Selam lekwulikimu. ,\N,\N,\N
block,,,,,,,,,,,serate-qidase-moeka3nj9iy,response,congregation,ምስለ መንፈስከ። ,ከመንፈስህ ጋራ።,And with Thy spirit.,Misle menfesike.,\N,\N,\N
section,,,,,,section-mlzb3kih0qq,3rd Reading - Acts of the Apostles,,,\N,,,,,,,,,,
block,,,,,,,,,,,serate-readings-102,heading,\N,,3ኛ ምንባብ፡ - የሐዋርያት ሥራ,3rd Reading: Acts of the Apostles Ch. 7 : 23 - 29,,acts,\N,\N
block,,,,,,,,,,,serate-readings-103,response,congregation,ቅዱስ፣ ቅዱስ፣ ቅዱስ አንተ አምላክ አብ አኃዜ ኵሉ።,ሁሉን የያዝህ አብ ሆይ! ቅዱስ፣ ቅዱስ፣ ቅዱስ አንተ ነህ።,"Holy Holy Holy art Thou, Father ,",Qidus qidus qidus ante amlak Ab ahazé kwulu.,\N,\N,\N
block,,,,,,,,,,,serate-readings-104,rubric,\N,ቅዱስ፣ ቅዱስ፣ ቅዱስ አንተ ወልድ ዋሕድ ዘአንተ ቃለ አብ ሕያው። ቅዱስ፣ ቅዱስ፣ ቅዱስ አንተ መንፈስ ቅዱስ ዘተአምር ኵሎ።,የሕያው አብ ቃል ተቀዳሚ ተከታይ የሌለህ ወልድ ሆይ፣ ቅዱስ፣ ቅዱስ፣ ቅዱስ አንተ ነህ። ሁሉን የምታውቅ መንፈስ ቅዱስ ሆይ! ቅዱስ፣ ቅዱስ፣ ቅዱስ አንተ ነህ።,"Holy Holy Holy art Thou, only-begotten Son, who art the Word of the living Father. Holy Holy Holy art Thou, Holy Spirit who knowst all things.",Qidus qidus qidus ante weld wahid ze'ante qal Ab hiyaw. Qidus qidus qidus ante Menfes Qidus zete'amir kwulo.,\N,\N,\N
section,,,,,,section-moekafdrg28,Stand up for prayer,ተንሥኡ ለጸሎት,ለጸሎት ተነሡ።,Tensi'u letselot,,,,,,,,,,
block,,,,,,,,,,,serate-qidase-moekafdrsfz,prayer,deacon,ተንሥኡ ለጸሎት,ለጸሎት ተነሡ። ,Stand up for prayer. ,Tensi'u letselot ,\N,\N,\N
block,,,,,,,,,,,serate-qidase-moekafdrv1s,response,congregation,እግዚኦ ተሣሃለነ። ,አቤቱ ይቅር በለን።,Lord have mercy upon us.,Igzee'o tesahalene.,\N,\N,\N
block,,,,,,,,,,,serate-qidase-moekafdrp0v,prayer,priest,ሰላም ለኵልክሙ።,ሰላም ለሁላችሁም። ,Peace be unto you all. ,Selam lekwulikimu. ,\N,\N,\N
block,,,,,,,,,,,serate-qidase-moekafdr7m8,response,congregation,ምስለ መንፈስከ። ,ከመንፈስህ ጋራ።,And with Thy spirit.,Misle menfesike.,\N,\N,\N
section,,,,,,section-mlzd1z55ekl,Pray for the...,,,\N,,,,,,,,,,
block,,,,,,,,,,,serate-readings-108,response,congregation,ጸልዩ በእንተ …,አሜን ኪርያላይሶን እግዚኦ ተሣሃለነ።,"Pray for …,",Amen Kyreeyalyson Igzio tesahalene.,\N,\N,\N
section,,,,,,section-mlzd1v3b6qx,Rejoice,,,Tefesihee,,,,,,,,,,
block,,,,,,,,,,,serate-readings-109,prayer,priest,,ደኅንነትን የምንለምንሽ ክብርን የተመላሽ ሆይ ደስ ይበልሽ። ደስ ይበልሽ።,"Rejoice, O thou of whom we ask healing, O holy, full of honor, Des yibelish. Rejoice.",,\N,\N,\N
block,,,,,,,,,,,serate-kidase-mlzd50prd0q,response,congregation,,ደስ ይበልሽ።,Rejoice.,Des yibelish. ,\N,\N,\N
block,,,,,,,,,,,serate-readings-110,prayer,priest,,ሁልጊዜ ድንግል የምትሆኝ አምላክን የወለድሽ የክርስቶስ እናት ሆይ ኃጢአታችንን ያስተሠርይልን ዘንድ ወደ ልጅሽ ወደ ወዳጅሽ ወደ ላይ ጸሎታችንን አሳርጊ።,"Ever-virgin, parent of God, mother of Christ, offer up our prayer on high to thy beloved Son that He may forgive us our sin. ",,\N,\N,\N
block,,,,,,,,,,,serate-kidase-mlzd61k715q,response,congregation,አሜን።,አሜን።,Amen.,Amen.,\N,\N,\N
block,,,,,,,,,,,serate-readings-111,prayer,priest,በእውነት የጽድቅ ብርሃን የሚሆን አምላካችንን ክርስቶስን የወለድሽልን (ንጽሕት) ሆይ ደስ ይበልሽ።,,"Rejoice, O thou who didst bear for us the very light of righteousness, even Christ our God: ",,\N,\N,\N
block,,,,,,,,,,,serate-kidase-mlzd6u4dx25,response,congregation,ደስ ይበልሽ።,ደስ ይበልሽ።,Rejoice.,Des yibelish. ,\N,\N,\N
block,,,,,,,,,,,serate-readings-112,prayer,priest,,ንጽሕት ድንግል ሆይ ለነፍሳችን ይቅርታን ያደርግልን ዘንድ ኃጢአታችንንም ያስተሠርይልን ዘንድ ወደ ጌታችን ለምኝልን።,"O Virgin pure, plead for us unto our Lord that He may have mercy upon our souls and forgive us our sins.",,\N,\N,\N
block,,,,,,,,,,,serate-kidase-mlzd7zagxjv,response,congregation,ለምኝልን።,ለምኝልን።,Plead for us,lemignilin,\N,\N,\N
block,,,,,,,,,,,serate-kidase-mlzd9h11l3x,prayer,priest,,በእውነት ለሰው ወገን አማላጅ የምትሆኝ አምላክን የወለድሽ ንጽሕት ቅድስት ድንግል ማርያም ሆይ ደስ ይበልሽ።,"Rejoice, O Virgin Mary, parent of God, holy and pure, very pleader for the race of mankind; ",,\N,\N,\N
block,,,,,,,,,,,serate-readings-113,response,congregation,,ደስ ይበልሽ።,Rejoice.,Des yibelish. ,\N,\N,\N
block,,,,,,,,,,,serate-readings-114,prayer,priest,የኃጢአታችንን ሥርየት ይሰጠን ዘንድ በልጅሽ በክርስቶስ ፊት ለምኝልን።,,"Plead for us before Christ thy Son, that He may vouchsafe us remission of our sins. ",,\N,\N,\N
block,,,,,,,,,,,serate-kidase-mlzdavtrqbx,response,congregation,,ለምኝልን።,Plead for us,lemigni'ln,\N,\N,\N
block,,,,,,,,,,,serate-readings-115,prayer,priest,በእውነት ንግሥት የምትሆኝ ንጽሕት ድንግል ሆይ ደስ ይበልሽ።,,"Rejoice, O Virgin pure, very Queen;",,\N,\N,\N
block,,,,,,,,,,,serate-kidase-mlzderd2wnv,response,congregation,,ደስ ይበልሽ።,Rejoice.,Des yibelish.,\N,\N,\N
block,,,,,,,,,,,serate-readings-116,prayer,priest,የባሕርያችን መመኪያ ሆይ ደስ ይበልሽ። ,,"Rejoice, O pride of our kind;",,\N,\N,\N
block,,,,,,,,,,,serate-kidase-mlzdg24ed4v,response,congregation,,ደስ ይበልሽ።,Rejoice.,Des yibelish. ,\N,\N,\N
block,,,,,,,,,,,serate-readings-117,prayer,priest,አምላካችንን አማኑኤልን የወለድሽልን ሆይ ደስ ይበልሽ።,,"Rejoice, O thou that barest for us Emmanuel our God.",,\N,\N,\N
block,,,,,,,,,,,serate-kidase-mlzdj8pwd6y,response,congregation,,ደስ ይበልሽ።,Rejoice.,Des yibelish. ,\N,\N,\N
block,,,,,,,,,,,serate-readings-118,prayer,priest,በጌታችን በኢየሱስ ፊት እውነተኛ አስታራቂ ሆነሽ ታስቢን ዘንድ እንለምንሻለን። ለነፍሳችን ይቅርታን ያደርግልን ዘንድ ኃጢአታችንንም ያስተሠርይልን ዘንድ።,\N,"We ask thee to remember us, O true Mediatrix, before our Lord Jesus Christ that He may have mercy upon our souls and forgive us our sins.",,\N,\N,\N
block,,,,,,,,,,,serate-readings-119,response,congregation,አሜን።,\N,Amen.,,\N,\N,\N
section,,,,,,section-mlzd22i32gd,This is the time of blessing,ዝውእቱ ጊዜ ባርኮት ,ይህ የማመስገን ጊዜ ነው፣ ,Ziwi'itu geezé barkot ,,,,,,,,,,
block,,,,,,,,,,,serate-readings-120,prayer,priest,ዝውእቱ ጊዜ ባርኮት ወዝውእቱ ጊዜ ዕጣን ኅሩይ ጊዜ ሰብሖቱ ለመድኃኒነ መፍቀሬ ሰብእ ክርስቶስ።,ይህ የማመስገን ጊዜ ነው፣ የተመረጠ የዕጣን ጊዜም ነው፣ ሰውን የሚወድ መድኃኒታችን ክርስቶስ የሚመሰገንበት ጊዜ ነው።,"This is the time of blessing; this is the time of chosen incense, the time of the praise of our Savior, lover of man, Christ.",Ziwi'itu geezé barkot wez wi'itu geezé itan hiruy geezé sebihotu lemedhaneene mefeqeré seb'i kiristos.,\N,\N,\N
block,,,,,,,,,,,serate-readings-121,response,congregation,ዕጣን ይእቲ ማርያም ዕጣን ውእቱ እስመ ዘውስተ ከርሣ ዘይትሜዐዝ እምኵሉ ዕጣን ዘወለደቶ መጽአ ወአድኀነነ።,ማርያም ዕጣን ናት፣ በማኅፀንዋ ያደረው ዕጣን እርሱ ነው። ከዕጣን ሁሉ የሚሸት ነውና፣ የወለደችው መጥቶ አዳነን።,"Mary is the incense, and the incense is He, because He who was in her womb is more fragrant than all chosen incense. He whom she bare came and saved us.",Itan yi'itee Mariam iTan wi'itu isme zewiste kersa zeyitimé'az imkwulu iTan zeweledeto metsi'a we'adhanene.,\N,\N,\N
block,,,,,,,,,,,serate-readings-122,prayer,priest,ዕፍረት ምዑዝ ኢየሱስ ክርስቶስ ንዑ ንስግድ ሎቱ ወንዕቀብ ትእዛዛቲሁ ከመ ይሥረይ ለነ ኃጣውኢነ።,መዓዛ ያለው ሽቱ ኢየሱስ ክርስቶስ ነው። እንስገድለት ዘንድ ኑ! ትእዛዞቹንም እንጠብቅ ኃጢአታችንን ይቅር ይለን ዘንድ።,The fragrant ointment is Jesus Christ. O come let us worship Him and keep His commandments that He may forgive us our sins.,Ireft mi'uz Eeyesus Kiristos ni'u nisigid lotu weni'iqeb ti'izazateehu keme yisirey lene haTaw'eene.,\N,\N,\N
block,,,,,,,,,,,serate-readings-123,response,congregation,ተውህቦ ምሕረት ለሚካኤል ወብሥራት ለገብርኤል ወሀብተ ሰማያት ለማርያም ድንግል።,ምሕረት ለሚካኤል ተሰጠው። ማብሠር ለገብርኤል፣ ሰማያዊ ሀብትም ለድንግል ማርያም።,"To Michael was given mercy, and glad tidings to Gabriel, and a heavenly gift to the Virgin Mary.",Tewihibo mihiret leMeeka'él webisrat leGebri'él wehabte semayat leMariam Dingil.,\N,\N,\N
block,,,,,,,,,,,serate-readings-124,prayer,priest,ተውህቦ ልቡና ለዳዊት ወጥበብ ለሰሎሞን ወቀርነ ቅብዕ ለሳሙኤል እስመ ውእቱ ዘይቀብዕ ነገሥተ።,ልቦና ለዳዊት ተሰጠው። ጥበብ ለሰሎሞን። የሽቱ ቀንድም ለሳሙኤል ንጉሦችን የቀባ ነውና።,"To David was given understanding, and wisdom to Solomon, and an horn of oil to Samuel for he was the anointer of kings.",Tewihibo libuna leDaweet weTibeb leSelomon weqerine qib'I leSamu'el isme wi'itu zeyiqbi'a negeste.,\N,\N,\N
block,,,,,,,,,,,serate-readings-125,response,congregation,ተውህቦ መራኁት ለአቡነ ጴጥሮስ ወድንግልና ለዮሐንስ ወመልእክት ለአቡነ ጳውሎስ እስመ ውእቱ ብርሃና ለቤተ ክርስቲያን።,ሥልጣን ለአባታችን ጴጥሮስ ተሰጠው፣ ድንግልና ለዮሐንስ፣ መልእክት መጻፍ ለጳውሎስ፣ የቤተ ክርስቲያን ብርሃኗ ነውና።,"To our father Peter were given the keys, and virginity to John, and apostleship to our father Paul, for he was the light of the church.",Tewihibo merahut le'abune PeTros wedingilina leYohanis wemeli'ikt le'abune Pawlos isme wi'itu birhana lebéte kiristeeyan.,\N,\N,\N
block,,,,,,,,,,,serate-readings-126,prayer,priest,ዕፍረት ምዕዝት ይእቲ ማርያም እስመ ዘውስተ ከርሣ ዘይትሌዐል እምኵሉ ዕጣን መጽአ ወተሠገወ እምኔሃ።,መዓዛ ያላት ሽቱ ማርያም ናት። የማኅፀንዋ ፍሬ ከዕጣን ሁሉ የሚበልጥ ነውና መጥቶ ከርሷ ሰው ሆነ።,"The fragrant ointment is Mary, for He that was in her womb, who is more fragrant than all incense, came and was incarnate of her.",Ireft mi'izit yi'itee Mariam isme zewiste kersa zeyitlé'al imkwulu iTan meÍi'a wetesegewe imnéha.,\N,\N,\N
block,,,,,,,,,,,serate-readings-127,response,congregation,ለማርያም ድንግል ንጽሕት ሠምራ አብ ወአሠርገዋ ደብተራ ለማኅደረ ፍቁር ወልዱ።,ንጽሕት ድንግል ማርያምን አብ ወደዳት፤ ለተወደደ ልጁ ማደሪያ እንድትሆን አስጌጣት።,"In Mary virgin pure the Father was well-pleased, and He decked her to be a tabernacle for the habitation of His beloved Son.",LeMariam Dingil nitshit semra ab we'aserigewa debtera lemahidere fiqur weldu.,\N,\N,\N
block,,,,,,,,,,,serate-readings-128,prayer,priest,ተውህቦ ሕግ ለሙሴ ወክህነት ለአሮን ተውህቦ ዕጣን ኅሩይ ለዘካርያስ ካህን።,ሕግ ለሙሴ ተሰጠው፤ ክህነት ለአሮን፣ የተመረጠም ዕጣን ለካህኑ ለዘካርያስ።,"Tewihibo hig leMusé wekihinet le'Aron tewihibo iÊan hiruy leZekariyas kahin. To Moses was given the law, and priesthood to Aaron. To Zacharias the priest was given chosen incense.",,\N,\N,\N
block,,,,,,,,,,,serate-readings-129,response,congregation,ደብተራ ስምዕ ገብርዋ በከመ ነገረ እግዚእ ወአሮን ካህን በማእከላ የዐርግ ዕጣነ ኅሩየ።,ጌታ እንደተናገረ የምስክር ድንኳን አደረጓት፣ ካህኑ አሮን በመካከሏ የተመረጠ ዕጣን ያሳርጋል።,"They made a tabernacle of testimony according to the word of God; and Aaron the priest, in the midst thereof, made the chosen incense to go up.",Debtera sim'i gebriwa bekeme negere igzee'I we'Aron kahin bema'ikela ye'arig iTan hiruye.,\N,\N,\N
block,,,,,,,,,,,serate-readings-130,response,all,ሱራፌል ይሰግዱ ሎቱ ወኪሩቤል ይሴብሕዎ ይጸርሑ እንዘ ይብሉ። ቅዱስ፣ ቅዱስ፣ ቅዱስ እግዚአብሔር በኀበ አእላፍ ወክቡር በውስተ ረበዋት። አንተ ውእቱ ዕጣን ኦ መድኃኒነ እስመ መጻእከ ወአድኃንከነ ተሣሃለነ።,ሱራፌል ይሰግዱለታል። ኪሩቤልም ያመሰግኑታል። እንዲህ እያሉ፣ ይዘምራሉ እግዚአብሔር በአእላፍ መላእክት ዘንድ ቅዱስ፣ ቅዱስ፣ ቅዱስ ነው። በአለቆችም ዘንድ ክቡር ነው። መድኃኒታችን ሆይ! ዕጣን አንተ ነህ፤ መጥተህ አድነኸናልና። ይቅር በለን።,"The seraphim worship Him, and cherubim praise Him and cry saying: Holy Holy Holy is the Lord among the thousands and honored among the tens of thousands. Thou art the incense, O our savior, for Thou didst come and save us. Have mercy upon us.",Surafel yisegidulotu wekeerubél yisébihwo yiÍerhu inze yiblu. Qidus qidus qidus Igzee'abihér behabe a'ilaf wekibur bewiste rebewat. Ante wi'itu iTan o medhaneene isme meÍa'ike we'adhankene tesahalene.,\N,\N,\N
section,,,,,,section-mlzd22c8ako,Trisagion (Holy Holy Holy),ቅዱስ ቅዱስ ቅዱስ,ቅዱስ ቅዱስ ቅዱስ,Qidus Qidus Qidus,,,,,,,,,,
block,,,,,,,,,,,serate-readings-133,prayer,priest,ቅዱስ።,ቅዱስ።,Holy,Qidus,\N,\N,\N
block,,,,,,,,,,,serate-readings-134,response,congregation,እግዚአብሔር ቅዱስ ኃያል ቅዱስ ሕያው ዘኢይመውት ዘተወልደ እማርያም እምቅድስት ድንግል ተሣሃለነ እግዚኦ። ቅዱስ እግዚአብሔር ቅዱስ ኃያል ቅዱስ ሕያው ዘኢይመውት ዘተጠምቀ በዮርዳኖስ ወተሰቅለ ዲበ ዕፀ መስቀል። ተሣሃለነ እግዚኦ። ቅዱስ እግዚአብሔር ቅዱስ ኃያል ቅዱስ ሕያው ዘኢይመውት ዘተንሥአ እሙታን አመ ሣልስት ዕለት ዐርገ በስብሐት ውስተ ሰማያት ወነበረ በየማነ አቡሁ ዳግመ ይመጽእ በስብሐት ይኰንን ሕያዋነ ወሙታነ ተሣሃለነ እግዚኦ። ስብሐት ለአብ ስብሐት ለወልድ ስብሐት ለመንፈስ ቅዱስ ይእዜኒ ወዘልፈኒ ለዓለመ ዓለም አሜን ወአሜን ለይኩን፣ ለይኩን። ቅዱስ ሥሉስ እግዚአብሔር ሕያው ተሣሃለነ።,እግዚአብሔር፣ ቅዱስ ኃያል ቅዱስ ሕያው የማይሞት፤ ከቅድስት ድንግል ማርያም የተወለደ፣ አቤቱ ይቅር በለን። ቅዱስ እግዚአብሔር፣ ቅዱስ ኃያል ቅዱስ ሕያው የማይሞት፤ በዮርዳኖስ የተጠመቀ፣ በመስቀል ላይ የተሰቀለ አቤቱ ይቅር በለን። ቅዱስ እግዚአብሔር፣ ቅዱስ ኃያል ቅዱስ ሕያው የማይሞት፤ በሦስተኛው ቀን ከሙታን ተለይቶ የተነሣ፣ በክብር በምስጋና ወደ ሰማይ የወጣ፣ በአባቱ ቀኝ የተቀመጠ፣ በሕያዋንና በሙታን ይፈርድ ዘንድ ዳግመኛ በጌትነት ይመጣል አቤቱ ይቅር በለን። ለአብ ምስጋና ለወልድ ምስጋና፣ ለመንፈስ ቅዱስ ምስጋና ዛሬም፣ ዘወትርም ለዘለዓለም እውነት በእውነት ይሁን፣ ይሁን። በሦስትነት ያለህ ቅዱስ ሕያው እግዚአብሔር ሆይ! ይቅር በለን።,"God, holy Mighty, holy Living, Immortal, who was born from the holy Virgin Mary, have mercy upon us, Lord. Holy God, Holy Mighty, Holy Living, Immortal, who was baptized in Jordan and crucified on the tree of the cross, have mercy upon us, Lord. Holy God, Holy Mighty, Holy Living, Immortal, who didst rise from the dead on the third day, Arge besibihat wiste semayat wenebere beyemane abuhu again wilt come in glory to judge the quick and the dead, have mercy upon us, Lord. Glory be to the Father, glory be to the Son, glory be to the Holy Spirit, both now and ever and world without end. Amen and Amen, so be it, so be it. O Holy Trinity, living God have mercy on us.","Igzee'abihér, qidus hayal qidus hiyaw ze'eeyimewit zetewelde iMariam imqidist dingil tesahalene igzee'o. Qidus Igzee'abiher qidus hayal qidus hiyaw ze'iymewit zeteTemqe beYordanos weteseqle deebe itSe mesqel tesahalene igzio. Qidus Igzee'abihér qidus hayal qidus hiyaw ze'eeyimewit zetensi'a imutan ame salist ilet Ascend into heaven in glory, sit at the right hand of thy Father and Dagime yimeÍ'i besibhat yikwonin hiyawane wemutane tesahalene igzee'o. Sibhat le'Ab sibhat leWeld sibhat leMenfes Qidus Yi'izénee wezelfenee wele'alem alem amen we'amen leyikun leyikun. Qidus silus Igzee'abihér hiyaw tesahalene.",\N,\N,\N
block,,,,,,,,,,,serate-readings-142,prayer,priest,ጸጋ ዘእግዚአብሔር የሀሉ ምስሌክሙ።,የእግዚአብሔር ጸጋ ከእናንተ ጋር ይሁን።,The grace of God be with you. ,Tsega ze'Igzee'abihér yehalu misle’kimu.,\N,\N,\N
block,,,,,,,,,,,serate-kidase-mlzdxxg1urw,response,congregation,ምስለ መንፈስከ።,ከመንፈስህ ጋራ።,And with Thy spirit.,Misle menfesike.,\N,\N,\N
block,,,,,,,,,,,serate-readings-143,prayer,priest,ንሰብሖ ለአምላክነ።,ለእግዚአብሔር ምስጋና ይሁን።,Let us glorify our God ,Nisebiho le'amlakine. ,\N,\N,\N
block,,,,,,,,,,,serate-kidase-mlzdw5mu1u0,response,congregation,ርቱዕ ይደሉ።,እውነት ነው ይገባል።,"It is right, it is just.",Ritu'i yidelu.,\N,\N,\N
block,,,,,,,,,,,serate-readings-144,prayer,priest,አጽንዑ ሕሊና ልብክሙ።,የልባችሁን አሳብ አጽኑ።,"Strengthen the thought of your heart,",Atsni'u hileena libikimu. ,\N,\N,\N
block,,,,,,,,,,,serate-readings-145,response,congregation,ብነ ኀበ እግዚአብሔር አቡነ ዘበሰማያት፣ አቡነ ዘበሰማያት፣ አቡነ ዘበሰማያት ኢታብአነ እግዚኦ ውስተ መንሱት።,በእግዚአብሔር ዘንድ አለን። አባታችን ሆይ! አባታችን ሆይ! አባታችን ሆይ! አቤቱ ወደ ፈተና አታግባን።,"We lift them unto the Lord our God. Our Father who art in heaven, Our Father who art in heaven, Our Father who art in heaven, lead us not into temptation.","Bine habe Igzee'abihér abune zebesemayat, abune zebesemayat, Abune zebesemayat, eetabi'ane igzee'o wiste mensut.",\N,\N,\N
block,,,,,,,,,,,serate-readings-147,rubric,congregation,,ካህኑ የኪዳን ጸሎት “እግዚአብሔር አብ …” የሚለውን በንባብ ሲያሰማ፤,As the priest starts to read the “O God theFather...” Prayer of the Covenant ,,\N,\N,\N
block,,,,,,,,,,,serate-kidase-mlze1sog31c,response,congregation,ኪያከ ንሴብሕ እግዚኦ።,አቤቱ አንተን እናመሰግንሃለን።,Oh we thank Thee.,keeyake nisébih igzee'o,\N,\N,\N
block,,,,,,,,,,,serate-readings-148,rubric,congregation,,ካህኑ የኪዳን ጸሎት “እግዚኦ ኢየሱስ ክርስቶስ …” በንባብ ሲያሰማ፤,"As the priest starts to read the ”O Lord, Jesus Christ ” Prayer of the Covenant ",,\N,\N,\N
block,,,,,,,,,,,serate-kidase-mlze380ra2v,response,congregation,ኪያከ ንዌድስ እግዚኦ።,አቤቱ አንተን እናወድስሃለን።,"Oh Lord, we praise Thee.",keeyake niwédis igzee'o,\N,\N,\N
block,,,,,,,,,,,serate-readings-149,rubric,congregation,ካህኑ የኪዳን ጸሎት “ንሤልስ ለከ ዘንተ ቅዱስ …” አሰምቶ እንዳበቃ,,After the priest finishes reading the “Thrice over...” Prayer of the Covenant”,,\N,\N,\N
block,,,,,,,,,,,serate-kidase-mlze4f3mhua,response,congregation,በእውነት።,አሜን። ,Amen,Amen,\N,\N,\N
section,,,,,,section-mlze5dy9jhw,Our Father,አቡነ ዘበሰማያት,አባታችን ሆይ,,,,,,,,,,,
block,,,,,,,,,,,serate-kidase-mlze5dy90ox,response,congregation,አቡነ ዘበሰማያት ይትቀደስ ስምከ ትምጻእ መንግሥትከ ወይኩን ፈቃድከ በከመ በሰማይ ከማሁ በምድር። ሲሳየነ ዘለለ ዕለትነ ሀበነ ዮም።  ኅድግ ለነ አበሳነ ወጌጋየነ ከመ ንሕነኒ ንኅድግ ለዘአበሰ ለነ። ኢታብአነ እግዚኦ ውስተ መንሱት አላ አድኅነነ ወባልሐነ እምኵሉ እኩይ እስመ ዚኣከ ይእቲ መንግሥት ኃይል ወስብሐት ለዓለመ ዓለም። በሰላመ ቅዱስ ገብርኤል መልአክ ኦ እግዝእትየ ማርያም ሰላም ለኪ እመ እግዚአብሔር ጸባዖት ሰላም ለኪ ቡርክት አንቲ እምአንስት ወቡሩክ ፍሬ ከርሥኪ። ተፈሥሒ ፍሥሕት ኦ ምልእተ ጸጋ እግዚአብሔር ምስሌኪ። ሰአሊ ወጸልዪ ኀበ ፍቁር ወልድኪ ኢየሱስ ክርስቶስ ከመ ይሥረይ ለነ ኃጣውኢነ።,አባታችን ሆይ! በሰማይ የምትኖር፣ ስምህ ይቀደስ፣ መንገሥትህ ትምጣ፣ ፈቃድህ በሰማይ እንደ ሆነ እንዲሁም በምድር ይሁን! የዕለት እንጀራችንን ስጠን ዛሬ፣በደላችንን ይቅር በለን፣ እኛም የበደሉንን ይቅር እንደምንል፣  አቤቱ ወደ ፈተና አታግባን፣ ከክፉ ሁሉ አድነን እንጂ፣  መንግሥት ያንተ ናትና። ኃይል፣ ምስጋና ለዘለዓለም በእውነት። እመቤታችን ቅድስት ድንግል ማርያም ሆይ በመልአኩ በቅዱስ ገብረኤል ሰላምታ ሰላም እልሻለሁ ድንግል በኅሊናኪ ወድንግል በሥጋኪ።  በሃሳብሽ ድንግል ነሽ በሥጋሽም ድንግል ነሽ። የአሸናፊ የእግዚአብሔር እናት ሆይ ሰላምታ ላንቺ ይገባል። ከሴቶች ሁሉ ተለይተሽ አንቺ የትባረክሽ ነሽ የማኅፀንሽም ፍሬ የተባረከ ነው። ጸጋን የተመላሽ ሆይ ደስ ይበልሽ እግዚአብሔር ከአንቺ ጋር ነውና ከተወደደው ልጅሽ ከጌታችን ከመድኃኒታችን ከኢየሱስ ክርስቶስ ዘንድ ይቅርታን ለምኝልን ኃጢአታችንን ያስተሠርይልን ዘንድ ለዘለዓለሙ አሜን።,"Our father who art in heaven, hallowed be thy name, Thy kingdom come  Thy will be done on earth as it is in heaven; give us this day our daily bread, and forgive us our trespasses as we forgive them that trespass against us, and lead us not into temptation but deliver us and rescue us from all evil; for Thine is the kingdom, the power and the glory for ever and ever. O Holy Virgin Mary, in the peace of the Angel Gabriel, peace be unto Thee. Thou art virgin in spirit as well as in body. O Thou Mother of Perfect God peace be unto Thee. Blessed art Thou among women and blessed is the Fruit of Thy womb. Rejoice O Thou who art full of grace the Lord is with Thee. Ask and pray for us to Thy beloved Son, Jesus Christ that He may have mercy upon our souls and forgive us our sins. Amen.","Abune zebesemayat yitqedes simike timtsa'i mengistike weyikun feqadike bekeme besemay kemahu medir. Seesayene zelele'iletine habene yom.  Hidig lene abesane wegégayene keme nihinenee nihidig leze'abese lene.
eetabi'ane egzi’o weste mensut ala adihinene webalihane imkwulu iku’y isme zee'ake yi'itee mengist hayl wesibihat le'alem alem. Beselame qidus gebriel mel’ak o egzi’etiye Mariyam selam leki dingil behilinaki wedingil besigaki eme egziabiheir tseba’ot selam leki burikt anti em’a’nist weburuk fire kersike tefesihi fisiht o meli’i’te tsega egziabihear misle’ki seali wetseliye habe fiqur weldike eyesus kristos keme y’sre’y lene hatawi’ine",\N,\N,\N
section,,,,,,section-mlzd227fb8l,Rejoice,,,\N,,,,,,,,,,
block,,,,,,,,,,,serate-readings-162,prayer,priest,ተፈሥሒ፣ ተፈሥሒ፣ ተፈሥሒ ኦ ማርያም ድንግል ምልዕተ ጸጋ።,ጸጋን የተመላሽ ድንግል ማርያም ሆይ ደስ ይበልሽ፣ ደስ ይበልሽ፣ ደስ ይበልሽ።,"Tefesihee tefesihee tefesihee o Mariam dingil mil'ite tsega. Rejoice, rejoice, rejoice, O Virgin Mary, full of grace.",,\N,\N,\N
block,,,,,,,,,,,serate-readings-163,response,congregation,እግዚአብሔር ምስሌኪ,እግዚአብሔር ካንቺ ጋር ነው።,The Lord is with thee.,Igzee'abihér mislékee.,\N,\N,\N
block,,,,,,,,,,,serate-readings-164,prayer,priest,ተንብሊ ወሰአሊ ኀበ ፍቁር ወልድ።,ወደ ተወደደ ልጅሽ ለምኝልን አማልጅንም።,Intercede and pray to thy beloved Son;,tenbilee wese'alee habe fiqur weld.,\N,\N,\N
block,,,,,,,,,,,serate-readings-165,response,congregation,ከመ ይሥረይ ለነ ኃጣውኢነ።,ኃጢአታችንን ያስተሠርይልን ዝንድ።,That he may forgive us our sins.,Keme yisrey lene hataweene. ,\N,\N,\N
block,,,,,,,,,,,serate-readings-166,prayer,priest,ስብሐት ወክቡር ለሥሉስ ቅዱስ ይደሉ አብ ወወልድ ወመንፈስ ቅዱስ ኵሎ ጊዜ ይእዜኒ ወዘልፈኒ ወለዓለመ ዓለም አሜን።,ልዩ ሦስት ለሚሆን ለአብና ለወልድ ለመንፈስ ቅዱስም ሁልጊዜ ክብር ምስጋና ይገባቸዋል ዛሬም ዘወትርም ለዘላለሙ አሜን።,"Glory and honor are meet to the Holy Trinity, the Father and the Son and the Holy Spirit at all times, both now and ever and world without end. Amen.",Sibhat wekibir lesilus qidus yidelu Ab weWeld weMenfes Qidus kwulo geezé yi'izénee wezelfenee wele'alem alem amen.,\N,\N,\N
section,,,,,,section-moekak4poc5,Stand up for prayer,ተንሥኡ ለጸሎት,ለጸሎት ተነሡ።,Tensi'u letselot,,,,,,,,,,
block,,,,,,,,,,,serate-qidase-moekak4prbi,prayer,deacon,ተንሥኡ ለጸሎት,ለጸሎት ተነሡ። ,Stand up for prayer. ,Tensi'u letselot ,\N,\N,\N
block,,,,,,,,,,,serate-qidase-moekak4p94j,response,congregation,እግዚኦ ተሣሃለነ። ,አቤቱ ይቅር በለን።,Lord have mercy upon us.,Igzee'o tesahalene.,\N,\N,\N
block,,,,,,,,,,,serate-qidase-moekak4pw7a,prayer,priest,ሰላም ለኵልክሙ።,ሰላም ለሁላችሁም። ,Peace be unto you all. ,Selam lekwulikimu. ,\N,\N,\N
block,,,,,,,,,,,serate-qidase-moekak4pn8j,response,congregation,ምስለ መንፈስከ። ,ከመንፈስህ ጋራ።,And with Thy spirit.,Misle menfesike.,\N,\N,\N
section,,,,,,section-mlzd21uxq84,Prayer of the Gospel,,,\N,,,,,,,,,,
block,,,,,,,,,,,serate-readings-170,prayer,priest,አቤቱ ፈጣሪያችን እግዚአብሔር ኢየሱስ ክርስቶስ ሆይ! ክቡራን ንጹሐን ለሚሆኑ ደቀመዝሙሮችህ ለሐዋርያት እንዲህ ያልካቸው። (በንባብ) እናንተ የምታዩትን ያዩ ዘንድ ብዙ ነቢያት ጻድቃን ወደዱ፤ አላዩም። እናንት ዛሬ የምትሰሙትንም ይሰሙ ዘንድ ወደዱ፤ አልሰሙም። የናንተ ያዩ ዓይኖቻችሁና የሰሙ ጆሮቻችሁ ግን የተመሰገኑ ናቸው። እኛንም እንደ እነሱ የበቃን አድርገን፤ በቅዱሳን ጸሎት የከበረ የወንጌልን ቃል ሰምተን እንሠራ ዘንድ።,\N,"O Lord Jesus Christ, our God, who didst say to Thy holy disciples and Thy pure apostles: Many prophets and righteous men have desired to see the things which ye see and have not seen them, and have desired to hear the things which ye hear and have not heard them, but you, blessed are your eyes that have seen and your ears that have heard, Do Thou make us also like them meet to hear and to do the word of Thy holy gospel through the prayer of the saints.",,\N,\N,\N
block,,,,,,,,,,,serate-readings-173,prayer,deacon,ጸልዩ በእንተ ወንጌል ቅዱስ።,ክቡር ስለሚሆን ወንጌል ጸልዩ።,Pray for the holy gospel.,Tseliyu be'inte wengél qidus.,\N,\N,\N
block,,,,,,,,,,,serate-readings-174,response,congregation,ይረስየነ ድልዋነ ለሰሚዐ ወንጌል ቅዱስ።,የከበረ ወንጌልን ለመስማት የበቃን ያድርገን።,May He make us meet to hear the holy gospel.,Yiresiyene dilwane leseme'ea wengél qidus.,\N,\N,\N
block,,,,,,,,,,,serate-readings-175,prayer,priest,ዳግመኛ አቤቱ ካንተ ዘንድ የምንሻውን በምንለምንበትና በምንጸልይበት ጊዜ እናስባቸው ዘንድ አስቡን ያሉንን ዳግመኛ አስብ። አቤቱ አምላካችን እግዚአብሔር ሆይ ከእኛ አስቀድመው የሞቱትን አሳርፋቸው የታመሙትንም ፈጥነህ አድናቸው። የሁላችን ሕይወት የሁላችንም ተስፋ የሁላችንም አዳኝ የሁላችንም አስነሽ አንተ ነህና። ላንተ ምስጋና እስከ አርያም ድረስ እንልካለን።,\N,"Remember again, Lord them that have bidden us to remember them at the time of our prayers and supplications wherewith we make request of Thee. O Lord our God, give rest to them that have fallen asleep before us, heal speedily them that are sick, for Thou art the life of us all, the hope of us all, the deliverer of us all and the raiser of us all, and to Thee we lift up thanksgiving unto the highest heaven, world without end.",,\N,\N,\N
section,,,,,,serate-readings,Gospel Readings,ምንባባት,ምንባባት,,,,,,,,,,,
block,,,,,,,,,,,serate-readings-177,rubric,\N,መዝሙር 102(103) : 14-15,ተዘከር እግዚኦ ከመ መሬት ንሕነ። ወሰብእሰ ከመ ሣዕር መዋዕሊሁ። ወከመ ጽጌ ገዳም ከማሁ ይፈሪ።,Psalm 102(103) : 14b-15,teze’ker I’gzio ke’me me’reit ni’hene. wese’bise keme sa’iri mewa’i’leehu. we’keme tsi’gei ge’dami kema’hu yi’fe’ri.,psalm,\N,\N
block,,,,,,,,,,,serate-readings-178,prayer,deacon,"ተዘከር እግዚኦ ከመ መሬት ንሕነ። 
ወሰብእሰ ከመ ሣዕር መዋዕሊሁ። 
ወከመ ጽጌ ገዳም ከማሁ ይፈሪ። ሃሌ ሉያ! ቁሙ ወአጽምኡ ወንጌለ ቅዱሰ፣ ዜናሁ ለእግዚእነ ወመድኃኒነ ኢየሱስ ክርስቶስ","አቤቱ፤ እኛ ዐፈር እንደ ሆንን ዐስብ።
ሰውስ ዘመኑ እንደ ሣር ነው። 
እንደ ዱ ሃሌ ሉያ! ጌታችን የመድኃኒታችን ኢየሱስ ክርስቶስ የተናገረውን ክቡር የሚሆን ወንጌል ቆማችሁ አድምጡ።","Remember, O Lord, that we are dust. 
As for man, his days are as grass; 
As a flower of the field, so shall he flourish. Halleluia, stand up and hearken to the holy gospel, the message of our Lord and Savior Jesus Christ.",Halléluya qumu we'atsmi'u wengéle qiduse zenahu le'igzee'ine wemedhaneene Eeyesus Kiristos.,\N,\N,\N
block,,,,,,,,,,,serate-readings-180,response,congregation,እግዚአብሔር ምስለ ኵልክሙ።,እግዚአብሔር ከሁላችሁ ጋር ይሁን። ምስለ መንፈስከ። ከመንፈስህ ጋራ።,The Lord be with you all. And with Thy spirit.,Igzee'abihér misle kwulikimu. Misle menfesike.,\N,\N,\N
block,,,,,,,,,,,serate-readings-181,prayer,priest,ወንጌል ቅዱስ ዘዜነወ ቃለ ወልድ እግዚአብሔር።,ክቡር የሚሆን ይህ ወንጌል የእግዚአብሔር ልጅ ቃል ነው።,The Holy Gospel the Word of the Son of God.,wengèl qidus zezènewe qale weld igzee’abihèr.,\N,\N,\N
block,,,,,,,,,,,serate-readings-182,response,congregation,ስብሐት ለከ ክርስቶስ እግዚእየ ወአምላኪየ ኵሉ ጊዜ ተፈስሑ በእግዚአብሔር ዘረዳአነ ወየብቡ ለአምላከ ያዕቆብ ንሥኡ መዝሙረ ወሀቡ ከበሮ። መዝሙር ሐዋዝ ዘምስለ መሰንቆ።,ጌታዬ ፈጣሪዬ ክርስቶስ ሆይ ሁልጊዜ ምስጋና ይገባሃል። ረዳት በሆነን በእግዚአብሔር ደስ ይበላችሁ፤ የያዕቆብንም አምላክ አመስግኑ፤ መዝሙር በሉ፤ ከበሮም ያዙ፤ መዝሙር ከበገና ጋራ የተስማማ ነው።,"Glory be to Thee, Christ my Lord and my God, at all times. Sing aloud unto God our strength make a joyful noise unto the God of Jacob Take a psalm, and bring hither the timbrel, the pleasant harp with the psaltery.",Sibhat leke Kiristos igzee'iye we'amlakeeye kwulu geezé tefesihu be’Igzee’abihèr zeredi’ane weyebibu le-amlake Ya’iqob nisi’u mezmure wehabu kebero. Mezmur hawaz zemisle mesenqo.,\N,\N,\N
block,,,,,,,,,,,serate-daily-gospel-185,heading,\N,,ቅዱስ ሉቃስ 12 ፡ 16 – 31,Reading from The Gospel St. Luke Ch. 12 : 16 - 31,,gospel,\N,\N
block,,,,,,,,,,,serate-daily-gospel-186,response,congregation,መኑ ይመስለከ እምነ አማልክት እግዚኦ አንተ ውእቱ ዘትገብር መንከረ አርአይኮሙ ለሕዝብከ በመዝራዕትከ። ሖርከ ውስተ ሲኦል ወአዕረገ ጼዋ እምህየ ወጸጎከነ ምዕረ ዳግመ ግዕዛነ እስመ መጻእከ ወአድኅከነ በእንተ ዝንቱ ንሴብሓከ ወንጸርሕ ኅቤከ እንዘ ንብል ብሩክ አንተ እግዚኦ ኢየሱስ ክርስቶስ እስመ መጻእከ ወአድኅንከነ,አቤቱ ከአማልክት ወገን የሚመስልህ ማነው፤ ተአምራትን የምታደርግ አንት ነህ፤ ኃይልህን ለወገኖችህ አሳየሃቸው፤ ወደ ሲዖል ወርደህ ምርኮን ከዚያ አወጣህ፤ ነፃነትንም ዳግመኛ ለዘለዓለም ሰጠህን። መጥተህ አድነህናልና። ስለዚህ እናመሰግንሃለን፤ ወዳንተም እንዲህ እያልን እንጠራለን፡ አቤቱ ኢየሱስ ክርስቶስ፡ ቡሩክ አንተ ነህ፤ ሰው ሆነህ አድነህናልና።,"Who is like unto Thee, O Lord, among the gods? Thou art the God that doest wonders: Thou hast declared Thy strength among the people. Thou hast with Thine arm redeemed Thy people. Thou didst go into Kades and the Captives rose up from there, and thou didst grant us again to be set free, for Thou didst come and save us. For this cause we glorify Thee and cry unto Thee saying, Blessed art Thou, Lord Jesus Christ, for Thou didst come and save us.",menu yimesileke inine amalikt igzee'o ante wi'itu zetigebir menkire ar'ayikomu lehizbike hayleke we'adhankomu lehizibike bemezra'itike. horke wiste see'ol we'a'irege séwa imhiye wesegokene mi ire dagime gilizane isme mesa'ike we'adhankene. be inte zintu nisébihake weniserih habéke inze nibl buruk ante igzee'o Eeyesus Kiristos isme mesa'ike we'adhankene.,\N,\N,\N
section,,,,,,section-mlzeyosbhnu,Go forth Cathecumens,,,Tsa'u,,,,,,,,,,
block,,,,,,,,,,,serate-daily-gospel-189,prayer,deacon,ፃኡ ንኡሰ ክርስቲያን። ዘሀገር ዓባይ ኢትዮጵያ ወዲበ ርእሰ ሀገረ አበዊነ ብፁዕ ሊቀ ጳጳስነ አባ ጴጥሮስ ወኵሎሙ ኤጲስ ቆጶሳት ቀሳውስት ወዲያቆናት ርቱዓነ ሃይማኖት።,የክርስቲያን ታናናሾች በሰላም ሂዱ። ተንሥኡ ለጸሎት ፖለጸሎት ተነሡ። እግዚኦ ተሣሃለነ። አቤቱ ይቅር በለን። ሰላም ለኵልክሙ። ሰላም ለሁላችሁም። ምስለ መንፈስከ። ከመንፈስህ ጋራ። ጸልዩ በእንተ ሰላመ ቤተ ክርስቲያን አሐቲ ቅድስት ጉባኤ እንተ ሐዋርያት ርትዕት በኀበ እግዚአብሔር ሐዋርያት ለሰበሰቡዋት በእግዚአብሔር ዘንድ ስለቀናች ክብርት ስለምትሆን አንዲት ቤተ ክርስቲያን ስላም ጸልዩ። ኪርያላይሶን። ጸልዩ በእንተ ርእሰ ሊቃነ ጳጳሳት አባ ማትያስ እግዚእነ ርእሰ ሊቃነ ጳጳሳት ብፁዕ ስለሚሆን ስለ ሊቀ ጳጳሳቱ ስለ አባ ማትያስ የደገኛዩቱ አገር ኢትዮጵያ ፓትርያርክ የሊቃነ ጳጳሳቱ አለቃ ጌታ ስለሚሆን ባባቶቻችን አገርም ብፁዕ ስለሚሆን ስለ አባ ጴጥሮስ ሃይማኖታቸው ስለ ቀና ስለ ኤጲስ ቆጶሳቱ ስለ ቀሳውስቱና ስለ ዲያቆናቱም ሁሉ ጸልዩ።,"Tsasu ni'use kiristeeyan. Go forth, ye catechumens. Stand up for prayer. Lord have mercy upon us. Peace be unto you all. And with Thy spirit. Pray for the peace of the one holy apostolic church orthodox in the Lord. Pray for the Patriarch Abba Matthias lord chief of the bishops of the great country Ethiopia, and for the blessed Primate of the country of our fathers Abba Peter and all wekwulomu épees qoposat qesawist wedeeyaqonat ritu'ane haymanot. the orthodox bishops, priests and deacons.",Tensi'u letselot Igzee'o tesahalene. Selam lekwulikimu. Misle menfesike. Tseliyu be'inte selame béte kiristeeyan ahatee qidist guba'é inte hawariyat riti'it behabe Igzee'abihér. Kyrie eleison. Tseliyu be'inte ri'ise leeqane papasat Abba Matyas Egziene ri'ise leeqane papasat zehager abayi Ethiopia wedeebe ri'ise hagere abeweene bisu'i leeqe papasine abba Petros,\N,\N,\N
block,,,,,,,,,,,serate-daily-gospel-197,response,congregation,ተንሥኡ ለጸሎት አመክኒዩ ዘሃዋርያት,ለጸሎት ተነሡ። እግዚኦ ተሣሃለነ። አቤቱ ይቅር በለን። ሰላም ለኵልክሙ። ሰላም ለሁላችሁም። ምስለ መንፈስከ። ከመንፈስህ ጋራ። ጸልዩ በእንተ ዛቲ ቤተ ክርስቲያን ቅድስት ወማኅበርነ በውስቴታ። ክብር ስለምትሆን ስለዚች ቤተ ክርስቲያን በውስጥዋም ስላለ አንድነታችንም ጸልዪ ማኅበርነ ባርከ ዕቀብ በሰላም። አንድነታችንን ባርክ በስላም ጠብቅ። ንበል ኵልነ በጥበበ እግዚአብሔር ጸሎተ ሃይማኖት። በእግዚአብሔር ጥበብ ሆነን ሁላችን የሃይማኖትን ጸሎት እንበል። ንጹሕ የሆነ ከቍርባኑ ይቀበል፤ … ይህን የቄሱን ቃል ያቀለለ ወይም የሳቀና የተነጋገረ ወይም በቤተ ክርስቲያን ውስጥ በክፋት የቆመ ቢኖር ጌታችንን ኢየሱስ ክርስቶስን እንዳሳዘንው በርሱም እንደ ተነሣሣ ይወቅ ይረዳ ስለ በረከት ፈንታ መርገምን ስለ ኃጢአት ሥርየት ፈንታም ገሃነመ እሳትን ከእግዚአብሔር ዘንድ ይቀበላል ተንሥኡ ለጸሎት ለጸሎት ተነሡ። እግዚኦ ተሣሃለነ። አቤቱ ይቅር በለን። ሰላም ለኵልክሙ። ሰላም ለሁላችሁም። ምስለ መንፈስከ። ከመንፈስህ ጋራ። ባስልዮስ የተናገረው የአምኃ ጸሎት ለዘላለሙ ገናና የምትሆን እግዚአብሔር ሆይ ያለጥፋት ሰውን የፈጠርኸው። አስቀድሞ በሰይጣን ቅንዓት የገባውን ሞት … ስብሐት ለእግዚአብሔር በሰማያት ወሰላም በምድር ሥምረቱ ለስብእ በሰማይ ለእግዚአብሔር ምስጋና ይገባል ሰላም በምድር ፍቅሩ ለሰው ሆነ። አቤቱ ፈቃድህን በሁላችን ልቡና ሙላ፤ ጸልዩ በእንተ ሰላም ፍጽምት ወፍቅር ተአምኁ በበይናቲክሙ በአምኃ ቅድሳት። ፍጽምት ስልምትሆን ሰላምና ፍቅር ጸልዪ እርስ በርሳችሁ በተለየች ሰላምታ እጅ ተነሳሱ። ክርስቶስ አምላክነ ረስየነ ድልዋነ ከመ ንትአማኅ በበይናቲነ በአምኃ ቅድሳት ፈጣሪያችን ክርስቶስ ሆይ እርስ በርሳችን  በከበረች ሰላምታ እጅ እንነሳሳ ዘንድ የበቃን አድርገን።,"Stand up for prayer. Lord have mercy upon us. Peace be unto you all. And with Thy spirit. kiristeeyan qidist wemahiberene bewisteta. Pray for this holy church and our congregation therein. Mahiberene barike iqeb beselam. Bless our congregation and keep them in peace. Nibel kwuline betibebe Let us all say, in the wisdom of God, the prayer of faith Apostle’s Creed He that is pure let him receive of the oblation and he that is not pure let him not receive it, that he may not be consumed by the fire of the Godhead which is prepared for the devil and his angels. Who so hath revenge in his heart and who so hath in him strange thoughts and fornication let him not draw nigh. As I have cleansed my hands from outward pollution, so also I am pure from the blood of you all. If you presumptuously draw nigh to the body and blood of Christ I will not be responsible for your reception thereof. I am pure of your wickedness but your sin will return upon your head if you do not draw nigh in purity. If there be any who disdains this word of the priest or laughs or speaks or stands in the church in an evil manner, let him know and understand that he is provoking to wrath our Lord Jesus Christ, and bringing upon himself a curse instead of a blessing, and will get from God the fire of hell instead of the remission of sin. Stand up for prayer. Lord have mercy upon us. Peace be unto you all. And with Thy spirit. “Prayer of Salutation” of St. Basil: God, great eternal, who didst form a man uncorrupt, Glory to God in heaven and on earth peace, His goodwill toward men. Pray for the perfect peace and love. Salute one another with a holy salutation Christ our God, make us meet to salute one another with a holy salutation. ANAPHORA OF OUR LORD",Tensi'u letselot Igzee'o tesahalene. Selam lekwulikimu. Misle menfesike. Tseliyu be'inte zatee béte Igzee'abihér tselote haymanot. Tensi'u letselot Igzee'o tesahalene. Selam lekwulikimu. Misle menfesike. Sibhat le'Igzee'abihér besemayat weselam bemidir simretu leseb'i. Tseliyu be'inte selam fitsimt wefiqir te'amihu bebeyinateekimu be'amiha qidisat. Kiristos amlakine resiyene diliwane keme niti'amah bebeyinateene be'amiha qidisat.,\N,\N,\N
block,,,,,,,,,,,serate-daily-gospel-212,rubric,\N,የመጀመሪያ ንባብ,\N,\N,,\N,\N,\N
section,,,,,,serate-daily-gospel,Daily Gospel,የዕለቱ ወንጌል,የዕለቱ ወንጌል,,,,,,,,,,,
section,,,,,,section-catec,Go Forth Catechumens,ፃኡ ንኡሰ ክርስቲያን,ካቴኩሜኖች,Tsa'u ni'use kiristeeyan,,,,,,,,,,
block,,,,,,,,,,,catec-001,prayer,deacon,ፃኡ ንኡሰ ክርስቲያን። ተንሥኡ ለጸሎት,የክርስቲያን ታናናሾች በሰላም ሂዱ። ለጸሎት ተነሡ።,"Go forth, ye catechumens. Stand up for prayer.",Tsasu ni'use kiristeeyan. Tensi'u letselot,\N,\N,\N
block,,,,,,,,,,,catec-003,response,congregation,እግዚኦ ተሣሃለነ።,አቤቱ ይቅር በለን።,Lord have mercy upon us.,Igzee'o tesahalene.,\N,\N,\N
block,,,,,,,,,,,catec-004,prayer,priest,ሰላም ለኵልክሙ።,ሰላም ለሁላችሁም።,Peace be unto you all.,Selam lekwulikimu.,\N,\N,\N
block,,,,,,,,,,,catec-005,response,congregation,ምስለ መንፈስከ።,ከመንፈስህ ጋራ።,And with Thy spirit.,Misle menfesike.,\N,\N,\N
block,,,,,,,,,,,catec-006,prayer,deacon,ጸልዩ በእንተ ሰላመ ቤተ ክርስቲያን አሐቲ ቅድስት ጉባኤ እንተ ሐዋርያት ርትዕት በኀበ እግዚአብሔር,ሐዋርያት ለሰበሰቡዋት በእግዚአብሔር ዘንድ ስለቀናች ክብርት ስለምትሆን አንዲት ቤተ ክርስቲያን ስላም ጸልዩ።,Pray for the peace of the one holy apostolic church orthodox in the Lord.,Tseliyu be'inte selame béte kiristeeyan ahatee qidist guba'é inte hawariyat riti'it behabe Igzee'abihér.,\N,\N,\N
block,,,,,,,,,,,catec-007,response,congregation,ኪርያላይሶን።,,Kyrie eleison.,Kyrie eleison.,\N,\N,\N
block,,,,,,,,,,,catec-008,prayer,deacon,ጸልዩ በእንተ ርእሰ ሊቃነ ጳጳሳት አባ ማትያስ እግዚእነ ርእሰ ሊቃነ ጳጳሳት ዘሀገር ዓባይ ኢትዮጵያ ወዲበ ርእሰ ሀገረ አበዊነ ብፁዕ ሊቀ ጳጳስነ አባ ጴጥሮስ ወኵሎሙ ኤጲስ ቆጶሳት ቀሳውስት ወዲያቆናት ርቱዓነ ሃይማኖት። ተንሥኡ ለጸሎት,ብፁዕ ስለሚሆን ስለ ሊቀ ጳጳሳቱ ስለ አባ ማትያስ የደገኛዩቱ አገር ኢትዮጵያ ፓትርያርክ የሊቃነ ጳጳሳቱ አለቃ ጌታ ስለሚሆን ባባቶቻችን አገርም ብፁዕ ስለሚሆን ስለ አባ ጴጥሮስ ሃይማኖታቸው ስለ ቀና ስለ ኤጲስ ቆጶሳቱ ስለ ቀሳውስቱና ስለ ዲያቆናቱም ሁሉ ጸልዩ። ለጸሎት ተነሡ።,"Pray for the Patriarch Abba Matthias lord chief of the bishops of the great country Ethiopia, and for the blessed Primate of the country of our fathers Abba Peter and all the orthodox bishops, priests and deacons. Stand up for prayer.",Tseliyu be'inte ri'ise leeqane papasat Abba Matyas Egziene ri'ise leeqane papasat zehager abayi Ethiopia wedeebe ri'ise hagere abeweene bisu'i leeqe papasine abba Petros wekwulomu épees qoposat qesawist wedeeyaqonat ritu'ane haymanot. Tensi'u letselot,\N,\N,\N
block,,,,,,,,,,,catec-012,response,congregation,እግዚኦ ተሣሃለነ።,አቤቱ ይቅር በለን።,Lord have mercy upon us.,Igzee'o tesahalene.,\N,\N,\N
block,,,,,,,,,,,catec-013,prayer,priest,ሰላም ለኵልክሙ።,ሰላም ለሁላችሁም።,Peace be unto you all.,Selam lekwulikimu.,\N,\N,\N
block,,,,,,,,,,,catec-014,response,congregation,ምስለ መንፈስከ።,ከመንፈስህ ጋራ።,And with Thy spirit.,Misle menfesike.,\N,\N,\N
block,,,,,,,,,,,catec-015,prayer,deacon,ጸልዩ በእንተ ዛቲ ቤተ ክርስቲያን ቅድስት ወማኅበርነ በውስቴታ።,ክብር ስለምትሆን ስለዚች ቤተ ክርስቲያን በውስጥዋም ስላለ አንድነታችንም ጸልዪ,Pray for this holy church and our congregation therein.,Tseliyu be'inte zatee béte kiristeeyan qidist wemahiberene bewisteta.,\N,\N,\N
block,,,,,,,,,,,catec-016,response,congregation,ማኅበርነ ባርከ ዕቀብ በሰላም።,አንድነታችንን ባርክ በስላም ጠብቅ።,Bless our congregation and keep them in peace.,Mahiberene barike iqeb beselam.,\N,\N,\N
block,,,,,,,,,,,catec-017,prayer,deacon,ንበል ኵልነ በጥበበ እግዚአብሔር ጸሎተ ሃይማኖት።,በእግዚአብሔር ጥበብ ሆነን ሁላችን የሃይማኖትን ጸሎት እንበል።,"Let us all say, in the wisdom of God, the prayer of faith",Nibel kwuline betibebe Igzee'abihér tselote haymanot.,\N,\N,\N
section,,,,,,section-mlzfnac9y6n,Creed,,,Amekniyou,,,,,,,,,,
block,,,,,,,,,,,catec-018,heading,\N,አመክኒዩ ዘሃዋርያት,,Apostle's Creed,,\N,\N,\N
block,,,,,,,,,,,catec-019,prayer,priest,,ንጹሕ የሆነ ከቍርባኑ ይቀበል፤ …,"He that is pure let him receive of the oblation and he that is not pure let him not receive it, that he may not be consumed by the fire of the Godhead which is prepared for the devil and his angels. Who so hath revenge in his heart and who so hath in him strange thoughts and fornication let him not draw nigh. As I have cleansed my hands from outward pollution, so also I am pure from the blood of you all. If you presumptuously draw nigh to the body and blood of Christ I will not be responsible for your reception thereof. I am pure of your wickedness but your sin will return upon your head if you do not draw nigh in purity.",,\N,\N,\N
block,,,,,,,,,,,catec-020,prayer,deacon,,ይህን የቄሱን ቃል ያቀለለ ወይም የሳቀና የተነጋገረ ወይም በቤተ ክርስቲያን ውስጥ በክፋት የቆመ ቢኖር ጌታችንን ኢየሱስ ክርስቶስን እንዳሳዘንው በርሱም እንደ ተነሣሣ ይወቅ ይረዳ ስለ በረከት ፈንታ መርገምን ስለ ኃጢአት ሥርየት ፈንታም ገሃነመ እሳትን ከእግዚአብሔር ዘንድ ይቀበላል,"If there be any who disdains this word of the priest or laughs or speaks or stands in the church in an evil manner, let him know and understand that he is provoking to wrath our Lord Jesus Christ, and bringing upon himself a curse instead of a blessing, and will get from God the fire of hell instead of the remission of sin.",,\N,\N,\N
section,,,,,,section-moekas36ikb,Stand up for prayer,ተንሥኡ ለጸሎት,ለጸሎት ተነሡ።,Tensi'u letselot,,,,,,,,,,
block,,,,,,,,,,,serate-qidase-moekas36cr6,prayer,deacon,ተንሥኡ ለጸሎት,ለጸሎት ተነሡ። ,Stand up for prayer. ,Tensi'u letselot ,\N,\N,\N
block,,,,,,,,,,,serate-qidase-moekas36v93,response,congregation,እግዚኦ ተሣሃለነ። ,አቤቱ ይቅር በለን።,Lord have mercy upon us.,Igzee'o tesahalene.,\N,\N,\N
block,,,,,,,,,,,serate-qidase-moekas36gfp,prayer,priest,ሰላም ለኵልክሙ።,ሰላም ለሁላችሁም። ,Peace be unto you all. ,Selam lekwulikimu. ,\N,\N,\N
block,,,,,,,,,,,serate-qidase-moekas36xkd,response,congregation,ምስለ መንፈስከ። ,ከመንፈስህ ጋራ።,And with Thy spirit.,Misle menfesike.,\N,\N,\N
section,,,,,,section-mlzfoh03ucg,Prayer of Salutation,,,\N,,,,,,,,,,
block,,,,,,,,,,,catec-025,heading,\N,,ባስልዮስ የተናገረው የአምኃ ጸሎት,"""Prayer of Salutation"" of St. Basil",,\N,\N,\N
block,,,,,,,,,,,catec-026,prayer,priest,,ለዘላለሙ ገናና የምትሆን እግዚአብሔር ሆይ ያለጥፋት ሰውን የፈጠርኸው። አስቀድሞ በሰይጣን ቅንዓት የገባውን ሞት …,"God, great eternal, who didst form a man uncorrupt,",,\N,\N,\N
block,,,,,,,,,,,catec-027,response,congregation,ስብሐት ለእግዚአብሔር በሰማያት ወሰላም በምድር ሥምረቱ ለስብእ,በሰማይ ለእግዚአብሔር ምስጋና ይገባል ሰላም በምድር ፍቅሩ ለሰው ሆነ።,"Glory to God in heaven and on earth peace, His goodwill toward men.",Sibhat le'Igzee'abihér besemayat weselam bemidir simretu leseb'i.,\N,\N,\N
block,,,,,,,,,,,catec-028,prayer,priest,,አቤቱ ፈቃድህን በሁላችን ልቡና ሙላ፤,,,\N,\N,\N
block,,,,,,,,,,,catec-029,prayer,deacon,ጸልዩ በእንተ ሰላም ፍጽምት ወፍቅር ተአምኁ በበይናቲክሙ በአምኃ ቅድሳት።,ፍጽምት ስልምትሆን ሰላምና ፍቅር ጸልዪ እርስ በርሳችሁ በተለየች ሰላምታ እጅ ተነሳሱ።,Pray for the perfect peace and love. Salute one another with a holy salutation,Tseliyu be'inte selam fitsimt wefiqir te'amihu bebeyinateekimu be'amiha qidisat.,\N,\N,\N
block,,,,,,,,,,,catec-030,response,congregation,ክርስቶስ አምላክነ ረስየነ ድልዋነ ከመ ንትአማኅ በበይናቲነ በአምኃ ቅድሳት,ፈጣሪያችን ክርስቶስ ሆይ እርስ በርሳችን  በከበረች ሰላምታ እጅ እንነሳሳ ዘንድ የበቃን አድርገን።,"Christ our God, make us meet to salute one another with a holy salutation.",Kiristos amlakine resiyene diliwane keme niti'amah bebeyinateene be'amiha qidisat.,\N,\N,\N
